nombre,institucion,tipo_beca,monto,fecha_inicio,fecha_cierre,rsh_maximo,nem_minimo,regiones,descripcion,descripcion_larga,url,documentos_requeridos,cobertura_tipo,cobertura_importe,cobertura_moneda,cobertura_periodicidad,cobertura_porcentaje,estado_activa,solo_crear
Beca Deportiva UNAB,Universidad Nacional Andrés Bello,Beca por verificar,10 a 100 % del arancel anual según evaluación,2026-09-01,2027-01-31,,,,Registro histórico no confirmado. Pendiente de revisión oficial.,Registro administrativo inactivo. No certifica la existencia ni vigencia del beneficio. Trazabilidad: candidato 9480220484dc43773469aff604795c0a6d27b18e8441b28a834f6689efe60da3. Originales y referencias en originales.jsonl. DOCUMENTOS REQUERIDOS: desconocidos hasta confirmación oficial. Revisión parcial. Condiciones y equivalencias en REVISION_UNIVERSIDADES_45.md; sin certificación completa ni activación. Fuentes: https://explora.unab.cl/deportes-unab-formacion-apoyo-y-oportunidades-para-compatibilizar-los-estudios-con-el-alto-rendimiento/,https://explora.unab.cl/deportes-unab-formacion-apoyo-y-oportunidades-para-compatibilizar-los-estudios-con-el-alto-rendimiento/,,DESCONOCIDA,,,,,false,false
Beca Fomento Regional UNAB,Universidad Nacional Andrés Bello,Beca por verificar,Rebaja de arancel para egresados de regiones fuera de RM en sede Viña del Mar,,,,,,Registro histórico no confirmado. Pendiente de revisión oficial.,Registro administrativo inactivo. No certifica la existencia ni vigencia del beneficio. Trazabilidad: candidato a495c84181a2e5a241bf753c046b7377b4f50c2f90009f36c5215fcc8f0c431e. Originales y referencias en originales.jsonl. DOCUMENTOS REQUERIDOS: desconocidos hasta confirmación oficial. Revisión parcial. Condiciones y equivalencias en REVISION_UNIVERSIDADES_45.md; sin certificación completa ni activación. Fuentes: https://admision.unab.cl/becas-unab/,https://admision.unab.cl/becas-unab/,,DESCONOCIDA,,,,,false,false
Beca Familiar USS,Universidad San Sebastián,Beca por verificar,10 % del arancel anual,,,,,,Registro histórico no confirmado. Pendiente de revisión oficial.,Registro administrativo inactivo. No certifica la existencia ni vigencia del beneficio. Trazabilidad: candidato e5aec1327d896ba5c9da9edc8c160e856e0c91807fee44d5710a7c4351eb51ee. Originales y referencias en originales.jsonl. DOCUMENTOS REQUERIDOS: desconocidos hasta confirmación oficial. Revisión parcial. Condiciones y equivalencias en REVISION_UNIVERSIDADES_45.md; sin certificación completa ni activación. Fuentes: https://admision.uss.cl/becas-y-financiamiento,https://admision.uss.cl/becas-y-financiamiento,,PORCENTUAL,,,,10,false,false
Beca Titulados USS,Universidad San Sebastián,Beca por verificar,30 % del arancel anual,,,,,,Registro histórico no confirmado. Pendiente de revisión oficial.,Registro administrativo inactivo. No certifica la existencia ni vigencia del beneficio. Trazabilidad: candidato 81c96cf6918051e9300d2fc634f368dcfad7af34d0a832cc20ff316ed5d30b8d. Originales y referencias en originales.jsonl. DOCUMENTOS REQUERIDOS: desconocidos hasta confirmación oficial. Revisión parcial. Condiciones y equivalencias en REVISION_UNIVERSIDADES_45.md; sin certificación completa ni activación. Fuentes: https://admision.uss.cl/becas-y-financiamiento,https://admision.uss.cl/becas-y-financiamiento,,PORCENTUAL,,,,30,false,false
Beca Hijo de Egresados USS,Universidad San Sebastián,Beca por verificar,10 % del arancel anual,,,,,,Registro histórico no confirmado. Pendiente de revisión oficial.,Registro administrativo inactivo. No certifica la existencia ni vigencia del beneficio. Trazabilidad: candidato 91beafc8e8b96777ac1fe4b984f4df92a5a8427a0bb158e10c3176a3344d25f3. Originales y referencias en originales.jsonl. DOCUMENTOS REQUERIDOS: desconocidos hasta confirmación oficial. Revisión parcial. Condiciones y equivalencias en REVISION_UNIVERSIDADES_45.md; sin certificación completa ni activación. Fuentes: https://admision.uss.cl/becas-y-financiamiento,https://admision.uss.cl/becas-y-financiamiento,,PORCENTUAL,,,,10,false,false
Beca Excelencia Académica USS,Universidad San Sebastián,Beca por verificar,20 % del arancel anual o semestral según carrera,,,,,,Registro histórico no confirmado. Pendiente de revisión oficial.,Registro administrativo inactivo. No certifica la existencia ni vigencia del beneficio. Trazabilidad: candidato 2b1c57c9a5601c1d0e16f9adaffad9446ede5acd557da6f440532864bb93fbce. Originales y referencias en originales.jsonl. DOCUMENTOS REQUERIDOS: desconocidos hasta confirmación oficial. Revisión parcial. Condiciones y equivalencias en REVISION_UNIVERSIDADES_45.md; sin certificación completa ni activación. Fuentes: https://admision.uss.cl/becas-y-financiamiento,https://admision.uss.cl/becas-y-financiamiento,,PORCENTUAL,,,,20,false,false
Beca Puntaje PAES UDP,Universidad Diego Portales,Beca por verificar,25 % del arancel anual solo primer año. Admisión 2026,,,,,,Registro histórico no confirmado. Pendiente de revisión oficial.,Registro administrativo inactivo. No certifica la existencia ni vigencia del beneficio. Trazabilidad: candidato c2d84306e2e91126d41dbe65c3333d4c5b726268307f64b77b52a68e1f814a11. Originales y referencias en originales.jsonl. DOCUMENTOS REQUERIDOS: desconocidos hasta confirmación oficial. Revisión parcial. Condiciones y equivalencias en REVISION_UNIVERSIDADES_45.md; sin certificación completa ni activación. Fuentes: https://admision.udp.cl/becas-y-beneficios/becas-y-beneficios-udp/,https://admision.udp.cl/becas-y-beneficios/becas-y-beneficios-udp/,,PORCENTUAL,,,,25,false,false
Beca Bachillerato Internacional UDP,Universidad Diego Portales,Beca por verificar,25 % del arancel anual solo primer año,,,,,,Registro histórico no confirmado. Pendiente de revisión oficial.,Registro administrativo inactivo. No certifica la existencia ni vigencia del beneficio. Trazabilidad: candidato 316355690ce80d505a6d0de458c1b76920022ecc9bcd24840a69e50e6261c52a. Originales y referencias en originales.jsonl. DOCUMENTOS REQUERIDOS: desconocidos hasta confirmación oficial. Revisión parcial. Condiciones y equivalencias en REVISION_UNIVERSIDADES_45.md; sin certificación completa ni activación. Fuentes: https://admision.udp.cl/becas-y-beneficios/becas-y-beneficios-udp/,https://admision.udp.cl/becas-y-beneficios/becas-y-beneficios-udp/,,PORCENTUAL,,,,25,false,false
Beca Deportista Destacado UDP,Universidad Diego Portales,Beca por verificar,Hasta 20 % del arancel anual,,,,,,Registro histórico no confirmado. Pendiente de revisión oficial.,Registro administrativo inactivo. No certifica la existencia ni vigencia del beneficio. Trazabilidad: candidato d259e0e1d4c41596f82905035b8c53761c59ca8e741e6f023f44d9078d714cb4. Originales y referencias en originales.jsonl. DOCUMENTOS REQUERIDOS: desconocidos hasta confirmación oficial. Revisión parcial. Condiciones y equivalencias en REVISION_UNIVERSIDADES_45.md; sin certificación completa ni activación. Fuentes: https://admision.udp.cl/becas-y-beneficios/becas-y-beneficios-udp/,https://admision.udp.cl/becas-y-beneficios/becas-y-beneficios-udp/,,DESCONOCIDA,,,,,false,false
Beca Alumni UFT,Universidad Finis Terrae,Beca por verificar,10 % del arancel anual para segunda carrera,,,,,,Registro histórico no confirmado. Pendiente de revisión oficial.,Registro administrativo inactivo. No certifica la existencia ni vigencia del beneficio. Trazabilidad: candidato b90cca7033047ac2c4805a0d5a1dbf92b8b413311a14c8c583b39a6367773980. Originales y referencias en originales.jsonl. DOCUMENTOS REQUERIDOS: desconocidos hasta confirmación oficial. Revisión parcial. Condiciones y equivalencias en REVISION_UNIVERSIDADES_45.md; sin certificación completa ni activación. Fuentes: https://admision.finis.cl/becas-y-beneficios/,https://admision.finis.cl/becas-y-beneficios/,,PORCENTUAL,,,,10,false,false
Beca Deportiva UFT,Universidad Finis Terrae,Beca por verificar,Hasta dos becas del 100 % de arancel anual. Distribución por comité,,,,,,Registro histórico no confirmado. Pendiente de revisión oficial.,Registro administrativo inactivo. No certifica la existencia ni vigencia del beneficio. Trazabilidad: candidato 02dcb6d235a1072697d929f9b3f644f24d2782b6f2356b0310d357ae8f39d99d. Originales y referencias en originales.jsonl. DOCUMENTOS REQUERIDOS: desconocidos hasta confirmación oficial. Revisión parcial. Condiciones y equivalencias en REVISION_UNIVERSIDADES_45.md; sin certificación completa ni activación. Fuentes: https://admision.finis.cl/becas-y-beneficios/,https://admision.finis.cl/becas-y-beneficios/,,DESCONOCIDA,,,,,false,false
Beca Deportiva UA,Universidad Autónoma de Chile,Beca por verificar,100 % internacional o 50 % nacional del arancel anual,,,,,,Registro histórico no confirmado. Pendiente de revisión oficial.,Registro administrativo inactivo. No certifica la existencia ni vigencia del beneficio. Trazabilidad: candidato 52cd38af83cfb47bc031ff8fc8c6aae3b755b49a95933212da99822eef5b3f55. Originales y referencias en originales.jsonl. DOCUMENTOS REQUERIDOS: desconocidos hasta confirmación oficial. Revisión parcial. Condiciones y equivalencias en REVISION_UNIVERSIDADES_45.md; sin certificación completa ni activación. Fuentes: https://admision.uautonoma.cl/becas-y-creditos/becas-internas/,https://admision.uautonoma.cl/becas-y-creditos/becas-internas/,,DESCONOCIDA,,,,,false,false
