url,status,final_url,content_sha256,error
Beca Fomento Regional UAI con 20% de descuento del arancel para estudiantes con residencia familiar acreditada en regiones distintas a la Region Metropolitana. Incentiva la diversidad geografica en el campus. Documentos: certificado de residencia en region. matricula UAI. Renovable manteniendo calidad de alumno regular.,,,,ValueError
Beca Fomento Regional UDLA con 20% de descuento para estudiantes de sedes regionales. Incentiva la diversidad geografica. Documentos: certificado de residencia en region. matricula. Renovable.,,,,ValueError
Beneficio de Bienestar Estudiantil de la DAE UV que entrega apoyo economico a estudiantes con acreditacion socioeconomica vigente. Evaluado por el equipo de Asistentes Sociales de la Direccion de Asuntos Estudiantiles. Documentos: certificado RSH. informe social. cartola de alumno regular. Requiere pertenecer al 60% mas vulnerable. Renovacion anual con reevaluacion.,,,,ValueError
Bono alimenticio UACh que entrega apoyo para alimentacion en casinos universitarios. Postulacion a traves de InfoAlumnos en Beneficios. Requiere acreditacion socioeconomica vigente de la DAE. Renovable semestralmente manteniendo calidad de alumno regular.,,,,ValueError
CFT,,,,ValueError
Los Hogares Estudiantiles UACh ofrecen alojamiento a bajo costo para estudiantes de otras localidades de la region o del pais. Gestionados por la DAE con reglamento de convivencia y criterios de seleccion. Postulacion via InfoAlumnos. Requiere acreditacion socioeconomica.,,,,ValueError
Programa de Laborancia UACh para que estudiantes trabajen en unidades academicas o administrativas recibiendo retribucion economica. Horas compatibles con el horario academico. Postulacion via InfoAlumnos en Beneficios. Requiere acreditacion socioeconomica vigente.,,,,ValueError
[OBLIGATORIO] Certificado de matricula o alumno regular; [OPCIONAL] Registro Social de Hogares,,,,ValueError
diplomado o doctorado. Ponderación: 80% vulnerabilidad socioeconómica y 20% rendimiento académico.,,,,ValueError
http://www.mranquil.cl/,200,http://www.mranquil.cl/,9e430e33a30090d3bfefb27879ede1e1bbeccb529d0e86fa8d053bf615a90c0d,
https://admision.finis.cl/becas-y-beneficios/,200,https://admision.finis.cl/becas-y-beneficios/,938bc8e110939d2a3e9b4bf561c45787dbdc306b4eb01a82c18c8445010f67d3,
https://admision.pucv.cl/beneficios/,,,,URLError
https://admision.uahurtado.cl/becas-y-beneficios,200,https://admision.uahurtado.cl/becas-y-beneficios/,bba6ea88ae5971a38506b7dc5de76e57c26b705405661be19afb2f507e4251bd,
https://admision.uahurtado.cl/becas-y-beneficios/,200,https://admision.uahurtado.cl/becas-y-beneficios/,dda5cf4f3e5f3ccce0da9f1962e31977c5040edc90cec00e87241f8299b7c155,
https://admision.uai.cl/becas-y-beneficios/,404,https://admision.uai.cl/becas-y-beneficios/,,HTTP no accesible
https://admision.uandes.cl/becas,200,https://admision.uandes.cl/becas,e5d34e5fa77b01960e3e1bc9ab26378ac8f9d1736ee5d447a3863c372775360f,
https://admision.uautonoma.cl/becas-y-creditos/becas-internas/,200,https://admision.uautonoma.cl/becas-y-creditos/becas-internas/,cbae2be5cd46a6df1a02095b04290af358976ee6bf3d3a734abfb0f1e22dd1b2,
https://admision.ubiobio.cl/becas-y-beneficios/,,,,URLError
https://admision.ubo.cl/becas-y-beneficios/,200,https://admision.ubo.cl/wp-content/uploads/2018/11/Becas-y-Beneficios.jpg,17c0a48b22ecf830b2121cb09833d78831772d5806428969380a19eb4db8b8fc,
https://admision.ubo.cl/financiamiento/,200,https://admision.ubo.cl/financiamiento/,95413e144f15b679e5bfd8abf7941fe1bce43fc8327c01d21a764a49fb127311,
https://admision.ucentral.cl/becas-y-beneficios/,404,https://admision.ucentral.cl/becas-y-beneficios/,,HTTP no accesible
https://admision.ucn.cl/becas-y-ayudas/becas-y-beneficios-ucn/,200,https://admision.ucn.cl/becas-y-ayudas/becas-y-beneficios-ucn/,07b3b1b9ed05ac29f19aac1fb809fa543ac74c0f5354e3dd3f8c98051b50f1f3,
https://admision.ucsc.cl/becas-y-beneficios/,200,https://admision.ucsc.cl/becas-y-beneficios/,eba10b44b600ac875c85c7b513e5208a4351083561a816de2b7030473625ee7e,
https://admision.ucsc.cl/becas/,200,https://admision.ucsc.cl/becas-y-financiamiento/,6339daed458a0027ce48d994811e44280e3f0f8e2114d099edf83671e125d355,
https://admision.ucsh.cl/becas-y-beneficios/,,,,gaierror
https://admision.uct.cl/becas-y-beneficios/,404,https://admision.uct.cl/becas-y-beneficios/,,HTTP no accesible
https://admision.udd.cl/becas/,200,https://www.udd.cl/,b5eca3de6e85f9aea05925b929f07c7f29f728c19a0aff90f10515e6af205500,
https://admision.udec.cl/becas-y-beneficios/,404,https://admision.udec.cl/becas-y-beneficios/,,HTTP no accesible
https://admision.udla.cl/becas-y-financiamiento/,404,https://admision.udla.cl/becas-y-financiamiento/,,HTTP no accesible
https://admision.udla.cl/becas/,200,https://admision.udla.cl/diurno/becas/,29db56d3962910ee79550894f8a309b1add009c493173fb57581d1bbbd7912a3,
https://admision.udp.cl/becas-y-beneficios/becas-y-beneficios-udp/,200,https://admision.udp.cl/becas-y-beneficios/becas-y-beneficios-udp/,fb8988a59783bd38371a463b2401d5c796dccb2235a963cba6a5218ce27ed88f,
https://admision.ufro.cl/becas-y-beneficios/,,,,gaierror
https://admision.uft.cl/becas/,404,https://admision.finis.cl/becas/,,HTTP no accesible
https://admision.ulagos.cl/becas/,200,https://admision.ulagos.cl/becasybeneficios/becas-ulagos/becas-de-arancel/,7d42ad33a7cbd4bd5b90c8727b6f0b7b3d7cd5b03f8027687abe0090a1c7bf80,
https://admision.umag.cl/?page_id=4095,200,https://admision.umag.cl/?page_id=4095,db1ff35caab029bfe0ce60b91bce28ad452e734d15ead112919da7a5e3c6f7f8,
https://admision.umag.cl/becas/,200,https://admision.umag.cl/becas/,53071d9c811c21d25c9b127959303547b3489150140e2fb57b49a970b57c8492,
https://admision.unap.cl/becas/,,,,gaierror
https://admision.upla.cl/becas-y-beneficios/,,,,gaierror
https://admision.uss.cl/becas-y-financiamiento/,200,https://admision.uss.cl/becas-y-financiamiento,f8453eefbdc20e329f7ed60cc8efff5a3e5507380911c18a4be94e4daf773556,
https://admision.uta.cl/becas/,404,https://admision.uta.cl/becas/,,HTTP no accesible
https://admision.utalca.cl/becas/,200,https://admision.utalca.cl/becas/,3aff0c92f585042e3907bae993e9e650edea5738c157b004047d6b1e9e52230c,
https://admision.uv.cl/becas-y-beneficios,200,https://admision.uv.cl/becas-y-beneficios,c86f98ec7ca8d309cfd7bd79b283ac0239d52345a60a93f90db59d56ccb2b8b4,
https://admision.uvm.cl/becas/,404,https://admision.uvm.cl/becas/,,HTTP no accesible
https://alhue.cl/,,,,gaierror
https://andacollochile.cl/,200,https://andacollochile.cl/,0ee44ca9a03a9bd4dd9dcdc3ca81267e4aca1a5e9f31bbaebd440f1c553cbfab,
https://arancelesybeneficios.uc.cl/,200,https://admision.uc.cl/financiamiento-y-matricula/,f4e0ccb19a05f8c18a1b995512ff861cc918b3c2a857d00e8080fe4b732d9a03,
https://becasybeneficios.unab.cl/,200,https://simuladorbecas.unab.cl/,b9fa70cbcea5c8f054df81e77946ec8068cbccf873ac3abe07c495b1fdac0ece,
https://carahue.cl/,200,https://carahue.cl/web/,febe0eaa579cfc272013b1667b2fcebd9639114c92a3ff7b4c07e187db55b41c,
https://cauquenes.cl/,200,https://www.cauquenes.cl/,b1759fe38bd523aadde4370f1bbd02233eb760a741c6c041312881762c81e56c,
https://chillanviejo.cl/,403,https://chillanviejo.cl/,,HTTP no accesible
https://cisterna.cl/,200,https://cisterna.cl/,7d5c490616defea954a6cbd5236bb1bdff8064b428d9006420d0dfd8c83c885a,
https://cobquecura.cl/,200,https://municipalidadcobquecura.cl/,78d59fc67e70c1557ddfcf6b0a0eca82eb20cfac95f0062bffabf21fa08dde75,
https://conchali.cl/,200,https://conchali.cl/,08a0408ae8f76c0ec29424ccbebed1e72bb78b8f7f0d88390d7dbdb005d4bdc8,
https://concon.cl/,200,https://www.concon.cl/,1ca7cfce83d40d1ca4af352cda667e5d6c5e50788adea43799c316c99875cd09,
https://curacodevelez.cl/,200,https://curacodevelez.cl/web/,dfbc654edebd7f26558a9136d215cc97bf652b579154c2d1763d4f0b0d2e63fc,
https://curarrehue.cl/,200,https://curarrehue.cl/on/,8f448181e899ba56787e2d2f300fcff3cfd55725341a81efebbc6cd45189edc1,
https://curepto.cl/,200,http://www.curepto.cl/imcurepto_web/,7aa538656aa598f061be2ee44d54accfe961a450ffc3aa2e6cfcdb5e54de99c9,
https://dae.uv.cl/,200,https://dae.uv.cl/,e0c05987cc49760a241a0054d9076ee18ecbe62c1fdb9dd928044e1ffb361e4b,
https://eltabo.cl/,200,https://eltabo.cl/,8d09ce087d9f4871fdb51256c37a133f49215056438a2f4dd1c1ddf7a1aced48,
https://estacioncentral.cl/,200,https://estacioncentral.cl/,74e6c04035f91eac25c5ee43dc1beed923925d126e7996a9630ea9e3769aada1,
https://galvarino.cl/,200,https://galvarino.cl/,2861786f3168397ca026a57f1d7bf0ee7418556512f5e1707dfa523a0d7e3997,
https://hijuelas.cl/,200,https://hijuelas.cl/,f609b6db66eca169165c96f5ada09f63de0c0c4f71d702135c8052881426a4f8,
https://hualane.cl/,200,https://www.hualane.cl/,cb7e16f33e4d0e9136fc34aa20fa5803070ee8953ce28bdfbc7c554048095828,
https://hualpenciudad.cl/,,,,URLError
https://imda.gob.cl/beca-municipal/,200,https://imda.gob.cl/beca-municipal/,4b669215ff3d3c8e7543d38d549be99e65c5570c07a1ceea21e1f51394d0df16,
https://imhuasco.cl/,200,https://imhuasco.cl/,4b88ee95d7c21d3e0432643196ee2a2deba2549d6051ef6db22b587761f1e0b5,
https://islademaipo.cl/,200,https://www.islademaipo.cl/,c2ffc6cd59786559906fb563eb1f02a48695a5b626f8a43abd82ecd369985708,
https://lacalera.cl/,526,https://lacalera.cl/,,HTTP no accesible
https://lacruz.cl/,200,https://www.lacruz.cl/Municipalidad/,75e1726e2869b161780c6a66de7e22747ec2f95dd2db448c8d481b8aa2ef2bb4,
https://laligua.cl/,200,https://laligua.cl/,bfce63e124b1b3dde7dddb4b86e1fb8dd93402cdaed59e37f803275fca17769b,
https://lampa.cl/,200,https://lampa.cl/,aa670419ed0f67695eaa5f0f78e3ad7566db7cfc401ac1d0ccdecf9e476d0a06,
https://lampa.cl/asi-puedes-postular-a-la-beca-de-arancel-municipal-para-la-educacion-superior/,404,https://lampa.cl/asi-puedes-postular-a-la-beca-de-arancel-municipal-para-la-educacion-superior/,,HTTP no accesible
https://lebu.cl/,200,https://lebu.cl/,ed98c786c9e6844f50631a47b4e1e5ac3ba08fb11c62d4d19bdaad453a64e26b,
https://limache.cl/,200,https://limache.cl/,a816354d24d5f6d18b4359a1788186d1fa91f4242df4458878e6381457d61054,
https://loespejo.cl/,200,https://www.loespejo.cl/,51911d7fdd7f77ec4af062c54e4eea67bbcff87df32690e597ae91d63c02eae7,
https://loprado.cl/,200,https://loprado.cl/,98eb9574b2ee7effdf5770e142d12ba10c3fd70e0bd5650c64005c04b802a109,
https://lota.cl/,200,https://lota.cl/,7e145e7535b406ef2bc494b19394b56a21c109a14955d8e2d2263b3b7ea6a3e7,
https://marchigue.cl/,200,https://www.marchigue.cl/municipalidad/,e63a50d5a067bb2c75aea99a02dcfb515a5b380ec65f478eaf468d74e56f44eb,
https://mostazal.cl/,200,https://mostazal.cl/,76fd8cc1fc6c3d4d6f292c510887accae4d1e52737e4d97c0bb7f187208ec828,
https://mpeumo.cl/,200,https://mpeumo.cl/,432e796a515c98dde64cac45cb78dc5e1ad302cbc821efe2bb5d93cbdaca1829,
https://mph.cl/,200,https://portal.mph.cl/,93124f5962634da5206ca0bfdd5495604be9c7f39e33243214953aca7dc3902f,
https://mportezuelo.cl/,,,,URLError
https://muncipalidadninhue.cl/,,,,gaierror
https://munialgarrobo.cl/postulacion-aporte-economico-de-movilidad-y-combustible/,200,https://munialgarrobo.cl/postulacion-aporte-economico-de-movilidad-y-combustible/,779ad78729ac5601576cbb9b87e20f11748e2852cce3aef64e20eab6e3383cf7,
https://munialgarrobo.cl/postulaciones-aporte-economico-municipal-2026/,200,https://munialgarrobo.cl/postulaciones-aporte-economico-municipal-2026/,66eae0e69794e69c4f42220e0c8e3288da933a3da063ef6a0f7c213d196c8779,
https://muniarauco.cl/,200,https://muniarauco.cl/,b14e817a4bb06997583a3ca932702beeeb5d61d04e80933ca348c70e6acf0042,
https://municanete.cl/v2/becasmunicipales/,200,https://municanete.cl/v2/becasmunicipales/,d8835f897786d307cfa2c98e6ca20bca972166874fde9afc0a5c099927162c37,
https://municatemu.cl/,200,https://municatemu.cl/,3f1af687872e9f256317010a9cda7aa3a6fab8ca0e30e8ec147a5fc94dddd25c,
https://municipalidadcartagena.cl/,200,https://municipalidadcartagena.cl/,1fcbbfab5b38879514887ffe89505ffb7b968747d2e3218e87abc06e34230a5a,
https://municipalidadchonchi.cl/,200,https://municipalidadchonchi.cl/web/,9e6b23a05e1c63f00c95f69aa2cd359085de2b515aecfcae199476b17a99ff19,
https://municipalidadcollipulli.cl/,200,https://municipalidadcollipulli.cl/,b06cdb0c607e9c0c8ab394a811d8ee856bfe761d63b8e9b592a56f1a28902699,
https://municipalidaddepuyehue.cl/,200,https://municipalidaddepuyehue.cl/,aed9909cd3d9b56e3856e6e17304439fd7368df19ecb088d987f6d1c31f35408,
https://municipalidadelbosque.cl/,200,https://www.municipalidadelbosque.cl/,362346feae059de537a48cea7b371c84de9f02cca6567e5511de99fdfc8d7def,
https://municipalidadgorbea.cl/,200,https://home.municipalidadgorbea.cl/,fc3d9257dff82e26daf18452e8d6e6b3d18584d1d73c49fddc15248f7c685463,
https://municipalidadgraneros.cl/,200,https://www.municipalidadgraneros.cl/,d030c84412bf39a6c47f40ad5d00459a6c57530a539c24248ca02289c2d917f7,
https://municipalidadlagranja.cl/,200,https://www.municipalidadlagranja.cl/,50eaaa346de1795e73614db43670c670379ee0cf5edf84c8b0660e2ac306bd85,
https://municipalidadlosalamos.cl/,200,https://municipalidadlosalamos.cl/,cc16c6e9f0d64fbf28cbf77279274325c93cc19572419f3df4cebd5ef1a91454,
https://municipalidadpalena.cl/,200,https://municipalidadpalena.cl/,8de81745857aeef7d6bb79f2444e15ffb7f634f52cc0e508d489bd5e08be6500,
https://municipalidadpanguipulli.cl/,200,https://municipalidadpanguipulli.cl/,da8eeeebd031dc873c714fde2e1bb53df017b9b9264eb48b2df17f3eb1fb7454,
https://municipalidadprimavera.cl/,,,,gaierror
https://municipalidadquilaco.cl/,200,https://municipalidadquilaco.cl/w/,16015778bf8e6a4d4fbddb866143e8d5cef85cfe65e85e3927c691d69cd7a25c,
https://municipalidadrenaico.cl/,200,https://municipalidadrenaico.cl/,e6f68d5e4983c1d0c27fde743fcbff2eb1753bef88f6bec2e96e88e924b10034,
https://municipalidadsaavedra.cl/,,,,gaierror
https://municipalidadsanfernando.cl/,200,https://municipalidadsanfernando.cl/,cc58ff633bd72734ae417bf639a7c2345bf38581c81f73a8c4ac835ecfa6f011,
https://municipalidadsanrosendo.cl/,200,https://municipalidadsanrosendo.cl/,cd8196a33c0bea76ea69b92af08cf8a8c6bc83ac816ca65b376435d8abc66acb,
https://municipalidadvichuquen.cl/,,,,gaierror
https://municipalidadvicuna.cl/,200,https://munivicuna.cl/,46f4fd3b4f52ff3725107370bbb1cb61ba59e8d614a3f6484cc450b9e3bff54a,
https://municipiocabildo.cl/,200,https://municipiocabildo.cl/,9c88bcd327710b88ea6d7d11e6cc46c0f964316ac9176e51ce1cbfd3ea4e3b67,
https://munifrutillar.cl/,200,https://munifrutillar.cl/,4e04f415f7512bdf2a4dfbaecabe55ec3604abf1c9c3ca49641ec68473ef78ab,
https://muniguaitecas.cl/,200,https://muniguaitecas.cl/,6858b3dd2fbb64df4a821d471deb4f5bbdbe18e3248a5c21405701116c05b37f,
https://munilanco.cl/,200,https://munilanco.cl/,31c4f0d1ffd5d299a0bf23fb4c0c4f1f6ac7f763a7cb6ae6d21167a17b2c75de,
https://munilonquimay.cl/,,,,gaierror
https://muniloslagos.cl/,200,https://muniloslagos.cl/,28b2d8cd7de669ed22135697076449c50df2b737a2cfb17008163b875e8dbea2,
https://munilossauces.cl/,200,https://munilossauces.cl/,b73858c854458c39bf85e1fd84db384b2cfa919c26625a30fd3cb5c1ec028639,
https://munilumaco.cl/,200,https://munilumaco.cl/,6d1724d25003d477f5a4960c65c2b39f453a492d7d697e53ce7b60ace5826999,
https://munimafil.cl/,200,https://munimafil.cl/,8d9726eea143ce2987cf568ff514b39322aa17fd889b53962a14b6d9dfc9a560,
https://munimaullin.cl/,200,https://munimaullin.cl/,cbbda375a08eb9aac23e2368c0d12c4d37d5383cde83b9289c5d52f2b79e4f34,
https://munimelipeuco.cl/,,,,gaierror
https://muninavidad.cl/,200,https://www.muninavidad.cl/,8b608cd439da19d398f839ead13488378c1576f591b3738979515073c31bd60e,
https://muniolivar.cl/,200,https://muniolivar.cl/,7e133a569be3f0401282469d191382e03f27ae1a17b15405a3c1e761168fc172,
https://muniporvenir.cl/,200,https://www.muniporvenir.cl/,46ccd1c2b483f5be0d647977768973d5e022cef2b0adfb0ccc2c91c1814c28ac,
https://muniquintero.cl/,200,https://www.muniquintero.cl/,ce9ab08dc655910ef924b9367cc1f86ffb886eb4a89159fac0ed0849207977b0,
https://munirinconada.cl/,200,https://munirinconada.cl/,b1276b0c36997239056e7624e5844991cb31261da4637d36e4331aa395a3dd0c,
https://muniteodoro.cl/,200,https://muniteodoro.cl/portal/,a0eef0a5cd001ebfd823ab7a1ca5c2fe813e4f34315a32429cc71fcedf463757,
https://munitiltil.cl/,200,https://munitiltil.cl/,fd73f508ebbf3aecffe79b034442068f3c3036f70fce7a506b5f8dd5d19d2d86,
https://munitolten.cl/,,,,gaierror
https://muparedones.cl/,,,,gaierror
https://padrelascasas.cl/,200,https://padrelascasas.cl/,8e550e354c8f7ecf19eb88eaad8638bf30fa0543bffdefdfc0b3df6e57e09f21,
https://pedroaguirrecerda.cl/,200,https://www.pedroaguirrecerda.cl/,96bd03222c1e81ac3132984b2d807c39d75774093c90865551b9c4b2e22d7ec7,
https://penaflor.cl/,200,https://penaflor.cl/,a28d5586bef184f2398d055b48f25788b795f98683cbacf32c65d6c9df332818,
https://perquenco.cl/,200,https://www.perquenco.cl/,dd2baf50b1ed0edf625a53fa8caa9800d66b3c6e71b6f4e392ce4607e38eea80,
https://pintana.cl/,,,,URLError
https://portal.beneficiosestudiantiles.cl/becas-y-creditos/beca-bicentenario-bb,200,https://portal.beneficiosestudiantiles.cl/becas-y-creditos/beca-bicentenario-bb,9fa38bafe8f590bdf78358f0ee5ee5b8ccad9544c17cc25e6f2dd4c7064a8392,
https://portal.beneficiosestudiantiles.cl/becas-y-creditos/beca-juan-gomez-millas-bjgm,200,https://portal.beneficiosestudiantiles.cl/becas-y-creditos/beca-juan-gomez-millas-bjgm,65def4e851197849699f1ac50a219b34cdec95dd3f22c2abddceb053af3172e8,
https://portal.beneficiosestudiantiles.cl/becas-y-creditos/beca-nuevo-milenio-bnm,200,https://portal.beneficiosestudiantiles.cl/becas-y-creditos/beca-nuevo-milenio-bnm,c2488b9e3af35b1953e1d2b3828732cec6fccc61a36ad67ee4d73df1334f8d99,
https://portal.beneficiosestudiantiles.cl/gratuidad,200,https://portal.beneficiosestudiantiles.cl/gratuidad,8fad9ab8018a9581a75d8f32f84713a572b91f72382aaef5422f37343e4e9186,
https://providencia.cl/,200,https://providencia.cl/provi/site/edic/base/port/inicio.html,c649e762889411abfdf30aa8ca07c146ffd7e7af10458243f86d17d596bd9e45,
https://puertoaysen.cl/,200,https://muniaysen.gob.cl/,e8efa27e70b9ae02af0b55543cb33f65704abbd18449f4b11ce2de603bb8287a,
https://quilicura.cl/,200,https://ww2.muniquilicura.cl/,74b833a185a24628d052db5bb6fb249d99e4c924679bbc7dee8afdafd5b0b6d7,
https://renca.cl/,200,https://renca.cl/,65bb0589f81cbeb8c428ecdfaaaa56efe7c9a81a6c0b60dcdaa22699384675db,
https://requinoa.cl/,200,https://requinoa.cl/,72abb78e542701a5cfdd60eae4a77c2ca0412b15fc8ff9c61c6b2da44ffdd87b,
https://rioibanez.cl/,200,https://rioibanez.cl/,ef3154c8cd6f8eb715febd77460b6e78e62e5a1c7ef0f2e7c43e67f409abea0e,
https://sanclemente.cl/,200,https://www.sanclemente.cl/,6fd5caf0b6b9717c48aa6ed97bc76d63b138f768fd958f300efdcc48e3f6d1dd,
https://sangregorio.cl/,200,https://sangregorio.cl/,c03fa8274de931ffd0fa6a4bc110cb6bfbc771998254d69a1487ad63a7c7ee97,
https://sanjoaquin.cl/,200,https://sanjoaquin.cl/,1fc85609a2e6b31c37659b6af2dc5884bc94f84b03c813bfaaa949874600bcfd,
https://sanpedrodelapaz.cl/,200,https://sanpedrodelapaz.cl/,ed5311f85aca6dc690607b95ae033d26e1b03e7463c2ffbe390fb4b47354452c,
https://sanramon.cl/,200,https://sanramon.cl/,6bc07a7633aac1f989a968cf6c809cd4fe15fa0017595f400a5897625c5d133e,
https://santajuana.cl/,200,https://santajuana.cl/,73b52cd1f4fe7ba7d21e35b08659d30699ad5d91437ee823fbdecf5b380b7b99,
https://santodomingo.cl/,200,https://santodomingo.cl/,9c380487ca7555613c2b51187ebd9440b6d33a3e51eea64ee682edb2cf76fe11,
https://talagante.cl/,200,https://es.wikipedia.org/wiki/Talagante,f8ea92d9a79dbe98c744f5dd18e6a48c6d309184a8cbb5c10116a11b0435e54d,
https://tiltil.cl/,200,https://munitiltil.cl/,fd73f508ebbf3aecffe79b034442068f3c3036f70fce7a506b5f8dd5d19d2d86,
https://torresdelpaine.cl/,200,https://torresdelpaine.com/,77a80a58bc20c8239c3cff31c4ac36085707ce46c050e9ba2b79fb7496fdd2d6,
https://trehuaco.com/,200,https://www.trehuaco.com/,5a330f9b2957d5589d13c5c2ab04484375d698797e590302cb345d03f429fcca,
https://tupuedes.cl/becas-y-beneficios/,200,https://www.tupuedes.cl/web/wp-content/uploads/sites/28/2017/05/becas-y-beneficios.jpg,d8fdcbe3ceb7b60ab362a4dc6dc2968d3e3b3c29f52725e715c5a319c1b6657f,
https://uach.cl/alumnos/utiles/bienestar-integral,200,https://uach.cl/alumnos/utiles/bienestar-integral,bd0c316f2a5163bf158a00c5d5cd3377f2a106ad02538ab7620f30c0e47cbb4e,
https://ubiobio.cl/admision/Becas_y_Beneficios/,,,,URLError
https://uchile.cl/presentacion/asuntos-estudiantiles/beneficios-y-becas,404,https://uchile.cl/presentacion/asuntos-estudiantiles/beneficios-y-becas,,HTTP no accesible
https://usm.cl/admision/becas/,200,https://usm.cl/admision/becas/,3bdb1ecd159399d5f45520dd8174e044afae49de88ac4d9239cdb7a74bd6fede,
https://vitacura.cl/,200,https://vitacura.cl/,7a7af203e50637f3e455a65cd24ad8ca34916035cbd64fcf42d918ecf15b200c,
https://vrae.usach.cl/beneficios-estudiantiles,404,https://vrae.usach.cl/beneficios-estudiantiles,,HTTP no accesible
https://web.molina.cl/,200,https://web2.molina.cl/,60e1a6b49b15d2a20e73a6da1563e3e2189390930ec5f50d8bf141f9bfdca45b,
https://webdae.uta.cl/index.php/becas/,200,https://webdae.uta.cl/index.php/becas/,d1523b9ba7a0c9843444766711c88dd9f096482674e8c25425fc48b977057805,
https://www.admisionmayor.cl/becas-y-creditos,200,https://www.admisionmayor.cl/becas-y-creditos,c57fe41891423badbd78901eb6a03c95de80ef4f51ed247d0f849bf5ff0d2b2d,
https://www.aiep.cl/admision/becas-y-financiamiento/,200,https://www.aiep.cl/admision/becas-y-financiamiento/,089d065c7b724ab7e2d1afe30dc4501696a0c3be531d67f38fc553a3870ea052,
https://www.altodelcarmen.cl/,,,,URLError
https://www.angol.cl/,200,https://www.angol.cl/,f1d49158b8b561e3903aa6d9a71ab16358e36410184fec9380e0438cab935efd,
https://www.buin.cl/,200,https://www.buin.cl/,7402a06c44ed2177ec14e03198b24a9f58bc7120742ee23af64515cee5420a73,
https://www.cabrero.cl/,200,https://www.cabrero.cl/,35b888dc84b18e16c4472994df61f1226f12109b0d722b9b4d979f1d28e7d684,
https://www.caldera.cl/,,,,URLError
https://www.cerronavia.cl/,200,https://www.cerronavia.cl/,08f5f16d4314dc3cf91dd1a1c624f155596a881bd78b76645f84aea4f6e01411,
https://www.chiguayante.cl/,200,https://chiguayante.cl/Chgte/,bcf3c87504567a124cf28026817d2c377cc5fd62565a810086b3d9b325c2f04d,
https://www.cochamo.cl/,200,https://cochamo.cl/,48f0bb178b3a132c0f712ec4bf3343fe080c30e5ab736fc3da3577e8d619f449,
https://www.colina.cl/,200,https://www.colina.cl/,84dc7e038930ca4a464077b9376518ea8a0e54ef1654695d85d9fa944432e241,
https://www.coltauco.cl/,200,https://www.coltauco.cl/rsp/index.php,2e314fc1e6137c8a14fee78aa098aae2f6ad42e252a69ca02a8d4744b81e7da8,
https://www.combarbala.cl/,,,,gaierror
https://www.comunajuanfernandez.cl/,200,https://munijf.cl:443/,ffdd103e85c87fefe1f5f016577962e9398e759c22c59e549bd3fc4636facb70,
https://www.concepcion.cl/servicios-municipales/,200,https://concepcion.cl/servicios-municipales-estan-disponibles-el-dia-sabado/,bb13491e4367efa113635d1c2e660132940e5f3b13685c091aed165f431fb77d,
https://www.conchali.cl/,200,https://conchali.cl/,ab5875dbbaf9666fb59c618a07ce1af129ab2d6071adbbff725425308f0934a7,
https://www.constitucion.cl/,200,https://www.constitucion.cl/sitio/,5c9c07605c3efa81baab1e31e67808c1d8d5284c1c321767d715b72829523126,
https://www.contulmo.cl/,200,https://www.contulmo.cl/,085b25f7646d8a76c78085ca40eb1b560b6be69dc9c60d4070fd77cb01311346,
https://www.copiapo.cl/tramites-municipales/,404,https://copiapo.cl/tramites-municipales/,,HTTP no accesible
https://www.coronel.cl/,200,https://www.coronel.cl/,2ba7e5ac8eff91f9ab157be1b5ce700e19493a5cb619f872eef8056253bd24e2,
https://www.corporacionlinares.cl/,,,,URLError
https://www.curanilahue.cl/,,,,gaierror
https://www.curarrehue.cl/,200,https://curarrehue.cl/on/,2decc6a2d695eb22f5cca1278b80743b3c8c162fdc896846a2ba9d3072e217a5,
https://www.duoc.cl/admision/financiamiento/becas-duocuc/,200,https://www.duoc.cl/admision/financiamiento/becas-duocuc/,3f81d19132f20223c215e925db4da8b93894a35a1caff6c4191f68023b37fb2f,
https://www.elquisco.cl/,200,https://www.elquisco.cl/,90f417644f5e3f4a4bc442dbf8d4a19f797a2f88ebbd12e81e8aa8d2f920067b,
https://www.empedrado.cl/,200,https://empedrado.cl/,9a065d981c6abd9bba30547b45cd958cd6683a1381bafdb6bc70a03d06e679a0,
https://www.futaleufu.cl/,200,https://www.futaleufu.cl/,50c9fcf1ead489badeedc623ea8fcef5536fc246da3e9c921e42880316668705,
https://www.hualpenciudad.cl/,,,,URLError
https://www.huechuraba.cl/,200,https://huechuraba.cl/,3f07522de78b2673c15a6b627fc323643a75a309e55ed485c5bc0a188b23cf98,
https://www.imb.cl/,200,https://www.imb.cl/,3f015a7f41e21321b8983ee2c15137fee9d1922d38ebb63f60f531a794a50312,
https://www.imcolchane.cl/,200,https://imcolchane.cl/web/,e0382a8b2b43b580e9ec941b034f8b216ef9255b9ca4e58a976eb6f888381d3d,
https://www.imfreirina.cl/,200,https://imfreirina.cl/,c30beadc748f76a30ec7d30ec2a67c82d3ca14757c4c7d85d3b1f85c77f2b675,
https://www.imhuara.cl/,200,https://imhuara.cl/,bdedcde56a10aee320003fa728ddd3b71737d370f09c012039aadc28ac9afcef,
https://www.immariaelena.cl/,,,,gaierror
https://www.imputre.cl/,200,https://imputre.cl/,aa70554430bcec3a74c732f0efa0a8511fc2bb08f3526c57e6e1829925817b20,
https://www.imsanjavier.cl/,200,https://imsanjavier.cl/,611c0c48f0f9df1a2c4f17ff2ceb4228c566b9c98cd377b8ed9634de50b90d47,
https://www.imsantamaria.cl/,200,https://imsantamaria.cl/,4852659df534497c380721af28ad9f3c1f7e3a3dd95d95324fb7672a4c2d0522,
https://www.imtocopilla.cl/,200,https://imtocopilla.cl/,db72064ebee9ade9f1e7880677e94d80088a78599ebdff9c1e7286ee29879057,
https://www.inacap.cl/tportal/portales/tp4964b0e11802/becas-y-beneficios.html,404,https://www.inacap.cl/tportal/portales/tp4964b0e11802/becas-y-beneficios.html,,HTTP no accesible
https://www.independencia.cl/,200,https://www.independencia.cl/,80a3df7f87290e68c348f3dce83d664a83a2eb46f3a2d329f527df0ba652019f,
https://www.islademaipo.cl/,200,https://www.islademaipo.cl/,7bc66509fd86168b7115d4fb99c32db913ca1ac01d854c969e90c27594acd6a6,
https://www.junaeb.cl/becas-educacion-superior/,404,https://www.junaeb.cl/becas-educacion-superior/,,HTTP no accesible
https://www.laflorida.cl/,200,https://www.laflorida.cl/sitio/,e290000c92e88d5efe052628f65137171a3f6cccf9053005715937cce301d0ef,
https://www.lascabrasmunicipalidad.cl/,,,,URLError
https://www.lascondes.cl/,200,https://www.lascondes.cl/,1ebca8858c4c8f1bf2a731850d2cf634c6c7ace81d5abf8df48b9f451fffd919,
https://www.laserena.cl/,200,https://laserena.cl/,98cd5f1eb3103a19940a7eec1d16d704cc21b24e59f68fc64cd6ddb6d8dec07b,
https://www.laserena.cl/dideco/,200,https://laserena.cl/dideco/,98cd5f1eb3103a19940a7eec1d16d704cc21b24e59f68fc64cd6ddb6d8dec07b,
https://www.llanquihue.cl/,200,https://llanquihue.cl/,e1ae6a5c683d01bcab56cf8fde31c868ea52c62fbd03ad0dffa746a1cf691ad7,
https://www.lobarnechea.cl/,200,https://www.lobarnechea.cl/,f411e87d6c14221a036474f8bb3c3d15875921dafbaea5469f39cbd338065c27,
https://www.loprado.cl/,,,,URLError
https://www.losandes.cl/,200,https://www.losandes.cl/,a82104dbfb446138c1133596c53f0a465275be45a46f1219d74c7bd347eb9539,
https://www.losangeles.cl/,200,https://www.losangeles.cl/,ee434123fb96b100c6e6698c7845296ace9750c4a97b6555900c0c92b73ea113,
https://www.losvilos.cl/,200,https://www.losvilos.cl/,6a6ec13047d16f4b385578fd35e890042053f7149e2cd81ec1af96dda9000a3e,
https://www.machali.cl/,200,https://machali.cl/,457aa5805086ee1659ba14eb5f3baa1c5bea9bbbfcb811506600711c9d4ef149,
https://www.mcerrillos.cl/,200,https://mcerrillos.cl/,4ec120ebb20ed62edc6da90d41f78da23388801e5a27c6237ab368a11b845c65,
https://www.mdonihue.cl/,200,https://www.mdonihue.cl/,704d34365338b88fda5b9f3731e38d739b58302d9ec780add7ed40106fd44d49,
https://www.mejillones.cl/,200,https://www.mejillones.cl/,f07d3c450f92c8e0f6c1d14d1195501ca86022ced51f5547bf998f50863fb453,
https://www.melipilla.cl/,200,https://melipilla.cl/,6ad18db7513cd772a68c29f74c92e17330be3ade67afb470821e371d1eb43b62,
https://www.mlicanten.cl/,,,,URLError
https://www.molina.cl/,200,https://web2.molina.cl/,60e1a6b49b15d2a20e73a6da1563e3e2189390930ec5f50d8bf141f9bfdca45b,
https://www.mpencahue.cl/,200,https://mpencahue.cl/,055a3fbf1a6df6c7d10d848fef84ec083cd9e67855829bd4e58d458af831dba5,
https://www.mph.cl/,200,https://portal.mph.cl/,93124f5962634da5206ca0bfdd5495604be9c7f39e33243214953aca7dc3902f,
https://www.mpinto.cl/,200,https://www.mpinto.cl/,a91420f1bf8bf91568f71f621eced9c46f436e97457ff7b86e05faa821921dbf,
https://www.mpitrufquen.cl/,200,https://www.mpitrufquen.cl/,3b06d0f3a73a11a572aeebfe9eaa298bebd106a6875e1b2644741ef8a7b23a4d,
https://www.mpudahuel.cl/,200,https://www.mpudahuel.cl/,c6c20725df85baf1ea07377da1ee691023df37f8db995a3e1b5363867c897016,
https://www.mpudahuel.cl/dideco,200,https://www.mpudahuel.cl/dideco,c6c20725df85baf1ea07377da1ee691023df37f8db995a3e1b5363867c897016,
https://www.mpuentealto.cl/,200,https://www.mpuentealto.cl/,96eb064f77d1213a55a5bb88c69a9aeb2420bbc013e9d924e6f70682fb298005,
https://www.mtraiguen.cl/,200,https://mtraiguen.cl/,8cb5fa5491f9c265aedc28207e487b2ece1885fe74cab96c47f4daa338f6ff7a,
https://www.muermos.cl/,,,,URLError
https://www.mungenerallagos.cl/,,,,gaierror
https://www.munialtobiobio.cl/,200,https://munialtobiobio.cl/,24990c0eacd358495a6c54d3402614e55e06457a3d1625420d66cfacc02486a5,
https://www.muniancud.cl/,200,https://www.muniancud.cl/,060113e428685036c9e44e74bf46896c8fdd3954459aef61e259bfefb84a7085,
https://www.muniantuco.cl/,,,,gaierror
https://www.muniarauco.cl/,200,https://muniarauco.cl/,102826acc057e3cbc8f54779d06c29be01b3d5d0bbeb3e0043d935142f9c636c,
https://www.muniarica.cl/dideco,200,https://www.muniarica.cl/dideco,78337dfdf2aabe5e40be4e18a61140e95e3515ca86979f4fedf81ebf47031932,
https://www.municallelarga.cl/,200,https://www.municallelarga.cl/,999d5220f6454e2f9245961d01abde8acd6973e13bea46340ce787bd9da9c4d3,
https://www.municamina.cl/,,,,gaierror
https://www.municasablanca.cl/,,,,gaierror
https://www.munichanaral.cl/,200,https://www.munichanaral.cl/,234aefb203fb0a17442f6f88e8bac5f6d8be24af24e5bff903261ea34d2aa512,
https://www.municipalidadalgarrobo.cl/,200,https://munialgarrobo.cl/,dccc2fa8e5c53913c9e2b90029f1445354148a66396ce7c06e4cb90b6edcedbb,
https://www.municipalidadantofagasta.cl/,200,https://www.municipalidadantofagasta.cl/,ac728c903c194a7afb2f4e58dcc09398e89d1add41150f1ac718e5e5a051c743,
https://www.municipalidadcabodehornos.cl/,,,,gaierror
https://www.municipalidadcalama.cl/servicios-dideco,404,https://www.municipalidadcalama.cl/servicios-dideco,,HTTP no accesible
https://www.municipalidadcalbuco.cl/,200,https://www.municipalidadcalbuco.cl/,793dae1ee5803c8a8fab92898da0ff41f470042a8bc37c529a0f75974091a5f5,
https://www.municipalidadcasablanca.cl/,200,https://www.municipalidadcasablanca.cl/,54fe81ff05f16184c4cf6a4b208abca2342cbd6f9cefdce6a21c90c929f4a5af,
https://www.municipalidadchaiten.cl/,200,https://www.municipalidadchaiten.cl/,61f7d410627bac3065aad7d2285a5e4ea4d67a5be044b7fdaa958e4b4139f298,
https://www.municipalidadchillan.cl/,200,https://www.municipalidadchillan.cl/sitio/,4ba0b0202fe43665aaf6b4e55d814229593642bfbd8fdd63632af8407db92edf,
https://www.municipalidadchimbarongo.com/,200,https://municipalidadchimbarongo.cl/,fbe73cde7205d87dbf4b63922d3929eb54e73a95bc5c80009d90be8835be0eed,
https://www.municipalidadcholchol.cl/,,,,gaierror
https://www.municipalidadcisnes.cl/,200,https://municipalidadcisnes.cl/,1eaea91c3b7df181f871ecda18b2cd891d97fb185627353185c78b6eb8687e57,
https://www.municipalidadcolbun.cl/,200,https://municipalidadcolbun.cl/,f878e7a4b267b122ad159d9d08e4381d8272e3c2f07d51158b8556fc4b73fac7,
https://www.municipalidadcuracavi.cl/,200,https://municipalidadcuracavi.cl/,e87b2d6263438e5a75f39d834f0283deb352dd3992ced3f5de09b9b7a213d2d8,
https://www.municipalidaddecodegua.cl/,200,https://www.municipalidaddecodegua.cl/,8b1b00acce5b11b3e5dc1e03d7522707d2e10d5f238a25f268cf7f17746fcfb8,
https://www.municipalidaddevalparaiso.cl/,200,https://municipalidaddevalparaiso.cl/,84a5c5cf68d2188ba6d4f3518a09215dcd2415105c2bd33ff3df06578794da6d,
https://www.municipalidaddevalparaiso.cl/dideco/,404,https://municipalidaddevalparaiso.cl/dideco/,,HTTP no accesible
https://www.municipalidadillapel.cl/,200,https://municipalidadillapel.cl/,18687b878c25065a581e30b35beed7a280eac20fc7dbed935b1ae215d1282c93,
https://www.municipalidadlagranja.cl/,200,https://www.municipalidadlagranja.cl/,71acccc2a686bf5d3d5971b8ffa06cfac15acb18c364d2273ee107908ff8c385,
https://www.municipalidadlongavi.cl/,200,https://www.municipalidadlongavi.cl/,95ab332d3ce62ba7bcf75e232e4c2cd924f883e7f600873dd64f3a18cd77c401,
https://www.municipalidadmaipu.cl/,200,https://www.municipalidadmaipu.cl/,b24334e98e3bf6542bcc4ebc70784c9e0b396111c61d6977d2f9733078dd9aa6,
https://www.municipalidadohiggins.cl/,200,https://www.municipalidadohiggins.cl/,67b112011707e5839ea6913ebae03b18f4588596620a75823ac101de15ba0de0,
https://www.municipalidadosorno.cl/dideco,404,https://www.municipalidadosorno.cl/dideco,,HTTP no accesible
https://www.municipalidadovalle.cl/,200,https://www.municipalidadovalle.cl/,ad85f6d1829a5ec34b5fce15bb6804891c3a05b4ec029f84451bcdda83d8f691,
https://www.municipalidadpapudo.cl/,,,,URLError
https://www.municipalidadpetorca.cl/,,,,URLError
https://www.municipalidadpucon.cl/,200,https://municipalidadpucon.cl/,d689286927c0358088abc6e76af1f879538dfaae0ccc4ea611000465af7567cc,
https://www.municipalidadquinchao.cl/,200,https://www.municipalidadquinchao.cl/,8238e5264b0475d1bc75539e3c1cb3c1eb262225f8618f713cca9c56fe25d636,
https://www.municipalidadrengo.cl/,200,https://municipalidadrengo.cl/,52dfa41e2ee3c0e5fc5eab7d6bdc6795af6199572e18c76f6a983c07cb53bac3,
https://www.municipalidadsanramon.cl/,200,https://municipalidadsanramon.cl/,e90a3c28ae97b5687cf1d157f71de87728522be003c2e22194d2506213fa9a4e,
https://www.municipalidadsantacruz.cl/,,,,URLError
https://www.municipalidadsanvicente.cl/,200,https://www.municipalidadsanvicente.cl/,90bf0cb12b1cac3080ca5c1702a713485cd17690e2c7c39e6a2c873997293298,
https://www.municipalidadtaltal.cl/,200,https://portal.municipalidadtaltal.cl/,e02f48b0ad216f97d4833a79a12df8662b3d0cb2c7e8816d3233357dfff8daae,
https://www.municipalidadtimaukel.cl/,,,,URLError
https://www.municipalidadtortel.cl/,,,,gaierror
https://www.municipioiquique.cl/,200,https://www.municipioiquique.cl/,e9aed5d9c5da567b805a35235476d171a1b1a7119c08ed1ebe9d570a9c2ad247,
https://www.municoelemu.cl/,200,https://www.municoelemu.cl/,9b15056aff900e86de1d5a3cdb68ed581b20aab366ff7ed42e6df52a177862a9,
https://www.municoquimbo.cl/direccion-de-desarrollo-comunitario/,404,https://www.municoquimbo.cl/direccion-de-desarrollo-comunitario/,,HTTP no accesible
https://www.municorral.cl/,,,,gaierror
https://www.municunco.cl/,200,https://www.municunco.cl/,448bcb71eba20d6b9fe357451ce26af23bce472a72a90fd7a560b0cf7c8dddf2,
https://www.munidalcahue.cl/,200,https://www.munidalcahue.cl/portal/,a21188002d77cdd89df1971e8cd364b06329019ced588ec7260e0870d39db05a,
https://www.munielmonte.cl/,200,https://www.munielmonte.cl/,03bc047d35f0f96d857167f2340826f3f5e13e2903a02d841cd3488a20409260,
https://www.muniflorida.cl/,200,https://muniflorida.cl/,8e33dc5f24650d44e52713536ac926e5a1835dcbd6a9749f237cc9ad9e89b18c,
https://www.munifresia.cl/,200,https://www.munifresia.cl/,76739c83236b86313cdaa6c1d9f40957cc83cc4a88a545da705d0150f82dbbdb,
https://www.munihualqui.cl/,200,https://www.munihualqui.cl/,c4b3817e1eac41de291e26af62f2dcca2d0d6f853022ad64da0e686d4999e6a5,
https://www.muniisladepascua.cl/,,,,gaierror
https://www.munilaestrella.cl/,200,https://munilaestrella.cl/,31fbd2262318cfc0091f115fc93c8b4932d49ae6fb56bee00d87c7e7a801bd51,
https://www.munilaja.cl/,200,https://munilaja.cl/w/,235154b29fb0cf56ac9f8aedaa8a07760bf93aa996fdf3a41253209952d7b640,
https://www.munilaunion.cl/,200,https://www.munilaunioninfo.com/,1ad2401974e2856dd8ff8a377a5bbfa31a840e756e2ff2f88bf7b35c262bce49,
https://www.munilautaro.cl/,200,https://sitio.munilautaro.cl/,680acfc9e0b715a8f54cfe107675311ba8935115f73f8a14709f1e6b87efa8f0,
https://www.munillay.cl/,,,,URLError
https://www.muniloncoche.cl/,200,https://muniloncoche.cl/,2d488d5cbc0f65e5685f45d9109bcbaf719d4a5fdb54570e7dbc0992caeeb66f,
https://www.munilossauces.cl/,200,https://www.munilossauces.cl/,b73858c854458c39bf85e1fd84db384b2cfa919c26625a30fd3cb5c1ec028639,
https://www.munimacul.cl/,200,https://www.munimacul.cl/portalnv/,c845b99c9ae8968b6595151370c5ffa59042923d5783f101024f1de93ff23f65,
https://www.munimariquina.cl/,200,https://munimariquina.cl/,c65f91d062f2dd557854bc56b6b6e9798674e1ecbb0a172fc42ce05cf2696a46,
https://www.munimontepatria.cl/,200,https://munimontepatria.cl/web/,3afdb521f768aae33352f35e35e277778acb2b511d0d4371691d6e740ddd4050,
https://www.munimulchen.cl/,200,https://www.munimulchen.cl/,60742aabe27341b4496749c5b18f1f0f24eda50393a2b70411d7c397ea81f36f,
https://www.muninancagua.cl/,,,,gaierror
https://www.muninatales.cl/,200,https://portal.muninatales.cl/,880a35c4197d79e3e40c4622d6bd3b4ea06c758b490d0a409878dd0df204b0b5,
https://www.muninegrete.cl/,200,https://www.muninegrete.cl/,c28b4626b80fb3501a3c8fed5c1b57b8b19665b53d7ecbdf33397d337ff0babc,
https://www.muninogales.cl/,,,,URLError
https://www.muniolmue.cl/,200,https://www.muniolmue.cl/,fa74cd9eaca62a32acfb268a44b4f141095b6c793d8387a42a9e70ac05b3820f,
https://www.munipaillaco.cl/,200,https://www.munipaillaco.cl/,fa846325f679c859e29cb6c69277d57201e14cead2c44f764bfba469c5a7071a,
https://www.munipelluhue.cl/,200,https://munipelluhue.cl/,27a63458a4909fbfb09bea4960fa9cf40b00001363a6ef2160c672193e259525,
https://www.munipuchuncavi.cl/,200,https://www.munipuchuncavi.cl/,910eaf40bcdf33c679fc4ada85e7227730cfbfac55f0cb18803a2f89a081a99c,
https://www.munipumanque.cl/,200,https://munipumanque.cl/,b26b2acefd29dd8c5a62a0f1f0b99f817242512813b79ffda8d15852a4ac8e6f,
https://www.munipunitaqui.cl/,200,https://www.munipunitaqui.cl/,687fd63e6885abe1c11237e98a51966dae1265e608af5ab249124229f5ce2cff,
https://www.munipuqueldon.cl/,200,https://munipuqueldon.cl/,d7fb5be0cdcfdd6f95641955d603ee1fb78d82333b6daaa0eddbb4aa270f9e35,
https://www.muniquellon.cl/,200,https://muniquellon.cl/,3a4e73a24645b4316262bc32dca5a1d16f98184de19d9eda7ef3d2ca47626d60,
https://www.muniquemchi.cl/,200,https://www.muniquemchi.cl/,e48f260f62c7cd72eee57a70279820478c252afb9bc14b3115a16ce2833bdbe9,
https://www.muniquilleco.cl/,,,,gaierror
https://www.munirauco.cl/,200,https://www.munirauco.cl/,9845d00fac348876a928ba753442500ad72631e0541280220ee36b8276489272,
https://www.muniretiro.cl/,,,,gaierror
https://www.muniriobueno.cl/,200,https://muniriobueno.cl/,e4fd37e20bf22fb1e19997dc572f587a933a16d239718ca789df5351c85b88e1,
https://www.munirioclaro.cl/,,,,gaierror
https://www.munirionegro.cl/,200,https://www.munirionegro.cl/,6088a2bee8009ddd6075a49842c0547bdf7b74bbb4d86bd1e4f02a57ed0dc571,
https://www.munisanesteban.cl/,200,https://www.munisanesteban.cl/,05ffa50e63acce8494d8fbdabf8426151095eae905db033231222295cd9d67c8,
https://www.munisanfernando.cl/,200,https://municipalidadsanfernando.cl/,cc58ff633bd72734ae417bf639a7c2345bf38581c81f73a8c4ac835ecfa6f011,
https://www.munisanpedro.gob.cl/,200,https://www.munisanpedro.gob.cl/,bc33dd0f344e4769d2f6d8caeb6f0f76f267dea2c4b4e2f89a1cbebe06b508ef,
https://www.munistgo.cl/,200,https://www.munistgo.cl/,ae64b018b317fdf34ca44d92eeff2fcfc8484047b545bcc6c4b11272d0c7103b,
https://www.munistgo.cl/becas-y-fondos/,200,https://www.munistgo.cl/becas-y-fondos/,35c0a21b0cdbaa0058422785ea8aae7a2982e98740b6497c8b2ef6f6023b7d46,
https://www.munistgo.cl/fondos-y-becas/,404,https://www.munistgo.cl/fondos-y-becas/,,HTTP no accesible
https://www.munitirua.cl/,200,https://vries-partners.nl/,74eb2164ae1eb4341aab909f0cb9a7d9bb8ff2e346d2b057a7486081af980d8e,
https://www.munitucapel.cl/,200,https://www.munitucapel.cl/,e5c1829a089813370406ffa69ba3d7332da1f38a85e39a2cfd9e82087739ed4b,
https://www.munivaldivia.cl/,200,https://munivaldivia.cl/,8000eea0ddf50bda609c7990bcdf1b6a368706577d0a97f19ea822de3370a82f,
https://www.munivina.cl/,200,https://www.munivina.cl/,3281ac37747abdc6d98cd2c58cf06f95995d7dd460141ca2e65c19bdbf52b1f3,
https://www.munivina.cl/desarrollo-comunitario/desarrollo-social/,200,https://www.munivina.cl/desarrollo-comunitario/desarrollo-social/,c12c05a3061ff3943fac83184dcad85a5fe6d672c285e1da6b0201cff93c9f49,
https://www.munizapallar.cl/,200,https://www.munizapallar.cl/,e55300e7e31738fa174caa5113ab054122213bd3e75066cc0b343e21c811771d,
https://www.nacimiento.cl/,200,https://www.nacimiento.cl/,9540cbe175b0d0faa2e6cae3da2d70050bced44128f5ec67f5732e7331e02d42,
https://www.nuevaimperial.cl/,200,https://www.nuevaimperial.cl/,e05f79db3ce87b35991fdd0934ced85e7bc49a3526e169d489dfccf7e5d0fdab,
https://www.paine.cl/,200,https://www.paine.cl/,9a6f756dbdbb6e079e2af7af92a515e70050cdd00b6caa0d648579c39f82803d,
https://www.panquehue.cl/,,,,gaierror
https://www.parral.cl/,200,https://www.parral.cl/,20022efa217c36e5ea7a3037d11a35d99676d8f2d60c06a82647a530b085bb87,
https://www.penalolen.cl/,200,https://www.penalolen.cl/,cd95a201dfa758c193c18f8df16ddefbb5bf6428691bc212d61bacbd6199f6f1,
https://www.penco.cl/,200,https://penco.cl/,5cb627ca02ecbd6267227aa6f2cc2f79b5d1467cbaa067efba86fd489faebd6e,
https://www.pichilemu.cl/,200,https://pichilemu.cl/,231648b9b56290be62c64d15a808221a26d3d2ae9b2525a36b3a4f9fb13ed46c,
https://www.pintana.cl/,,,,URLError
https://www.pirque.cl/,200,https://www.pirque.cl/,97e3ad6c7cf3cb93c62af27a227224d8acea1c517b45e7c0ac14c440fcfc1027,
https://www.ptovaras.cl/,,,,URLError
https://www.puertomontt.cl/,200,https://www.puertomontt.cl/,244ff25343ad1257b53d9daea9b08ddce1d9b2d0523baa20492eb5b4a5fcae5e,
https://www.puntaarenas.cl/dideco,200,https://www.puntaarenas.cl/dideco,91b127eea7ee87ccd4f30f526126734b30e3ef08521c81ffd3d569b7778ffb00,
https://www.purranque.cl/,200,https://www.purranque.cl/,86fb9e4720bc33922a5782d42cdd5f71c312b939713c28cd41cb41c57427bbbf,
https://www.putaendo.cl/,200,https://www.putaendo.cl/,c4c703875dec7b600458a2663fad4a44d2762e47b796ae37ed6ca6b6411bac52,
https://www.quillota.cl/,200,https://www.quillota.cl/,92893196880757f418e6fd1ca9da90d30396649ce331082aee9531fb91fd5da0,
https://www.quilpue.cl/,200,https://muniquilpue.gob.cl:443/,3a3fdcbd9965a0e1ebf21a0728fbff1228e2b279b5686772927b7f4296a24416,
https://www.quintanormal.cl/,200,https://www.quintanormal.cl/,4c4578ddce4efc9d3d6e2c416dfd9fc25f95d04d314c478f6172bfd83b38eb44,
https://www.recoleta.cl/,200,https://www.recoleta.cl/,,TimeoutError
https://www.rioverde.cl/,,,,TimeoutError
https://www.romeral.cl/,200,https://www.romeral.cl:443/es-CL/,829070f003ae62a9ce4d9c81d2ee52424281e7c80625308ce139c3bd1687ce72,
https://www.sagradafamilia.cl/,200,https://www.sagradafamilia.cl/,f5aa172b82befec6cd93de2b504cf22c92c3c52faf4eec14a9da2ab27fdd4eb4,
https://www.salamanca.cl/,200,https://salamanca.cl/,c6a3241df87f7452019b6897fe7d9141d8542993897983c14aad61ef334aa56c,
https://www.sanantonio.cl/,200,https://www.sanantonio.cl/,b9c4f1b3c1913f0ebacef0fbb9063687b4e3290c73fffd934b60a83c4d43db1a,
https://www.sanantonio.cl/index.php/dideco,404,https://www.sanantonio.cl/index.php/dideco,,HTTP no accesible
https://www.sanbernardo.cl/,200,https://www.sanbernardo.cl/,7c8dd9ba85f1776eab6b76f4acc3095f355e501ec2eea90e9d8f6edc9a79f06b,
https://www.sanbernardo.cl/dideco,200,https://www.sanbernardo.cl/dideco/,ece97b9c6ab50ab6c7cad14527f5fd255b1edd52768bc27c812c80da6cf7eb95,
https://www.sancarlos.cl/,200,https://munisancarlos.cl/,ed2842150babda5a8cee1683ae042d0e4dd7e969fa2a7e81a4fd4f69009e367e,
https://www.sanfabian.cl/,200,https://www.sanfabian.cl/,5eac2467b0601d0781607b955a7e6ef794070b31aef82dc93d3b15a4e088ae51,
https://www.sanjoaquin.cl/,200,https://sanjoaquin.cl/,887a3454a9668e66e20723a6bc008d482f2feba8a6b857108af5ee89e973e0ac,
https://www.sanjosedemaipo.cl/,200,https://www.sanjosedemaipo.cl/,87fa1be33e2d30876a4715bbdeba0fdce7584405d44a372c94cfad7d68896c93,
https://www.sanjuandelacosta.cl/,200,https://sanjuandelacosta.cl/,50f3053eb5a735deea05064e96876d0cad7beeebe7aa0f42a03f75e67dfd152b,
https://www.sanmiguel.cl/,200,https://www.sanmiguel.cl/,81a04c23c672936efb9f9dc2506982fd4ddb1170ac13f513e952290892fc0b11,
https://www.sanpedrodeatacamatransparente.cl/,200,https://www.sanpedrodeatacamatransparente.cl/,ec1ae75794d610764f8a9b141551fcee4cb0ed14a1003a5b008cb272f5c9b77b,
https://www.santabarbara.cl/,200,https://www.santabarbara.cl/,c0eea1df89c7b8611e0e053030074a04f557dde6c8b09ba5cb72e1fbdff3bf25,
https://www.talagante.cl/,200,https://es.wikipedia.org/wiki/Talagante,f8ea92d9a79dbe98c744f5dd18e6a48c6d309184a8cbb5c10116a11b0435e54d,
https://www.talca.cl/,,,,URLError
https://www.talcahuano.cl/,,,,URLError
https://www.temuco.cl/dideco/,404,https://www.temuco.cl/dideco/,,HTTP no accesible
https://www.teno.cl/,200,https://www.teno.cl/portal2/,847b76a2c49c1c7cfc0fe44c3b6308e6b37d967ed27da2a799643f16f793c639,
https://www.tierraamarilla.cl/,,,,gaierror
https://www.tome.cl/,200,https://www.tome.cl/,0775300d51e4e258c263668eb1693c25f50b9e7c7dcf8465f759eab16b489c0a,
https://www.uach.cl/cedere/beneficios-estudiantiles,200,https://www.uach.cl/cedere/beneficios-estudiantiles,e27bc6ab85206698a0e0220e0296e547440f0d430060499ba4029b85c825a30f,
https://www.uai.cl/admision/becas-y-aranceles/becas,200,https://www.uai.cl/admision/becas-y-aranceles/becas,0e4740914e6ff9c590a279b5c252cf3fd0f74b860709dc02aebdeb82c4e1d4de,
https://www.ucentral.cl/admision/becas-y-beneficios,200,https://www.ucentral.cl/estudiantes/dave/area-de-beneficios-y-servicios-estudiantiles/becas-y-beneficios/,583ba047ac9500388e540dd6ca1930f276a2a20bedf3396a2de08b9a3cbae4e2,
https://www.udd.cl/admision/becas/,200,https://www.udd.cl/admision-pregrado/becas/,1eedf73317f3a9aa45fa97b850bde0cc621f88c5573dbabdcb3c1b4c1512cd6b,
https://www.ulagos.cl/portal-del-estudiante/financiamiento-estudiantil/,200,https://www.ulagos.cl/portal-del-estudiante/financiamiento-estudiantil/,b4525897f88e9e591560ce50c671447cf69f081b551a09634138ad6e69df100f,
https://www.unap.cl/prontus_unap/site/artic/20230926/pags/20230926171445.html,200,https://www.unap.cl/prontus_unap/site/artic/20230926/pags/20230926171445.html,ddcec8789ffbb0b00ce5a54eb1cdd368b84364a138e1011e6247af1d317a3030,
https://www.upla.cl/admision/becas-y-beneficios/,404,https://www.upla.cl/admision/becas-y-beneficios/,,HTTP no accesible
https://www.uvm.cl/becas-y-beneficios/,404,https://www.uvm.cl/becas-y-beneficios/,,HTTP no accesible
https://www.vallenar.cl/,200,https://www.imvallenar.gob.cl/,ceaeaa8e6c1049380c006b410c701231b4aff9b80118ab38846138d17297969d,
https://www.victoria.cl/,200,https://www.victoria.cl/,c22e8619b6292676511ef4b53f88d58319178c3343c0d39e40104e9f649974b2,
https://www.villalegre.cl/,200,https://villalegre.cl/,04547829a92089108d28a54a791fc6f8b26ee77b6c21ff69d800e3a0bf6c5a00,
https://www.villalemana.cl/,200,https://munivillalemana.gob.cl/,f0d7c9266ac28f3f62daf3c6b808b77aa12a48d16bfed7099ba8c9ddb8d99d19,
https://www.yumbel.cl/,200,https://yumbel.cl/,b0b3d71620893ee734bd68205adcc1897b394acdf0dd675c79a4d65be211cd1b,
https://www.yungay.cl/,200,https://www.yungay.cl/,ba540a4ead4094246e9b1edaa759928e7134430441f3c1eb399f09fee87da0c5,
materiales). Cierre de postulaciones: 6 de marzo. Primera vez: obligatorio haber egresado de Colegio Pasión de Jesús,,,,ValueError
o 5.0 para estudiantes antiguos (4.5 para estudiantes con discapacidad certificada).,,,,ValueError
vie 16:30) o digital.,,,,ValueError
