candidato,nombre,institucion,estado,carencia_documentada,fuentes_antecedentes,accion
0c50c557857a93b275993deff71701b135075b48885dbc8e53c6827b577748ff,Beca Municipal de Incentivo al Rendimiento Académico de Estudios Superior,Municipalidad de Colchane,REQUIERE_ACLARACION,Identidad y pago por cheque respaldados por decreto 1112/2022 leído visualmente. Falta elegibilidad de bases modificadas por decreto 562/2022 de 2 de junio.,https://imcolchane.cl/Becas.php | https://imcolchane.cl/documentos/Becas/Decreto%2011122022.pdf | https://www.imcolchane.cl/,Recuperar decreto exento 562/2022 de 2 de junio y sus bases anexas desde transparencia de Colchane; leer exclusivamente elegibilidad y correspondencia de programa. No exigir importe exacto para cerrar lo esencial.
7b32991aa64fc28ef4dc7f1df6a1aee4da3c366a0b257a738ac100a101bc5ee9,Beca Educación Superior,Municipalidad de Cartagena,REQUIERE_ACLARACION,"Requisitos 2025 leídos: residencia cinco años; RSH 40–80%; educación superior reconocida; notas 5,0 o 5,5. Falta descripción del beneficio de esta convocatoria; no usar importes periodísticos 2026.",https://cms.municipalidadcartagena.cl/uploads/REQUISITOS_Y_DOCUMENTOS_A_PRESENTAR_BECAS_MUNICIPALES_2025_0d01e13d4a.pdf | https://municipalidadcartagena.cl/,"Contrastar Beca Educación Superior con el apartado del programa de Municipalidad de Cartagena; documentar correspondencia de nivel, destinatarios y tipo de apoyo antes de corregir cifras."
c14a2cd973b875eb0c2adbca23c5743f9b20feb7ac6a0b1fc8424cb4c78de870,Beca de Estudios Superiores Municipalidad de Purranque,Municipalidad de Purranque,REQUIERE_ACLARACION,"La página municipal menciona aporte de educación superior; faltan condiciones y alcance del beneficio. Localizar bases del aporte, no usar proyecto sin aprobar de terceros.",https://www.purranque.cl/?s=beca | https://www.purranque.cl/,Localizar las bases o ficha específica de Beca de Estudios Superiores Municipalidad de Purranque en Municipalidad de Purranque; contrastar el beneficio y los destinatarios frente a la carencia individual descrita en el antecedente.
8f26745c82ef1e3b42462b3ae90bfdf7fe4e6bc7ba2a5d35932dd892c7edbf09,Beca de Mantención Educación Superior Fresia,Municipalidad de Fresia,REQUIERE_ACLARACION,Cuenta pública 2023 distingue Beca Concejo Municipal (750.000 universidad; 500.000 IP/CFT) y movilización (4 UTM). La candidata de mantención no tiene correspondencia inequívoca con una de ellas; falta identificar modalidad.,https://www.munifresia.cl/transparencia/descargas/MecanismoParticipacionCiudadana/CuentaPublica/2024/CuentaPublica2024-Gestion2023.pdf | https://www.munifresia.cl/,"Contrastar Beca de Mantención Educación Superior Fresia con el apartado del programa de Municipalidad de Fresia; documentar correspondencia de nivel, destinatarios y tipo de apoyo antes de corregir cifras."
c1bfe255f8585bb0c9e79bc82a7b66ce7b915310b1913e5111a334a3fce1b005,Beca Municipal Incentivo al Rendimiento Taltal,Municipalidad de Taltal,REQUIERE_ACLARACION,"Cuenta pública 2025 distingue Beca Municipal y Paranal, con fondos agregados. Falta elegibilidad; no dividir presupuesto por beneficiarios para deducir importe.",https://municipalidadtaltal.cl/portal9/wp-content/uploads/2026/04/RESUMEN-CUENTA-PUBLICA-ANO-2025-1.pdf | https://www.municipalidadtaltal.cl/,"Contrastar Beca Municipal Incentivo al Rendimiento Taltal con el apartado del programa de Municipalidad de Taltal; documentar correspondencia de nivel, destinatarios y tipo de apoyo antes de corregir cifras."
f60b937cac06b69d259df3f6d4a8e4e8a2c288f04f40e8814bf925b36ca2b451,Beca Municipal de Educación Superior 2026,Municipalidad de Calera de Tango,REQUIERE_ACLARACION,"Página social identifica beca municipal superior y evaluación social, pero no precisa beneficio. Falta leer bases o acuerdo de creación; URL original contiene texto ajeno.",https://www.caleradetango.cl/departamento-social | https://www.uahurtado.cl/wp-images/uploads/2022/03/BENEFICIOS-ESTUDIANTILES-ADMISION-2022.pdf |  vie 16:30) o digital.,Localizar las bases o ficha específica de Beca Municipal de Educación Superior 2026 en Municipalidad de Calera de Tango; contrastar el beneficio y los destinatarios frente a la carencia individual descrita en el antecedente.
0d2f745ea1726bbaa603ca4933f75a62150cd37bdceddf02b3b1c5315737ba9b,Beca de Educación Superior Maria Elena,Municipalidad de Maria Elena,REQUIERE_ACLARACION,Informe de secretaría 2015 identifica aprobación del programa de educación superior. Falta contenido del reglamento: beneficio y elegibilidad.,https://transparencia.imme.cl/transparencia/datos/111/116/1698/15193_departamento-de-secretaria-municipal.pdf | https://www.immariaelena.cl/,Localizar las bases o ficha específica de Beca de Educación Superior Maria Elena en Municipalidad de Maria Elena; contrastar el beneficio y los destinatarios frente a la carencia individual descrita en el antecedente.
005bf2a8ea132fd3c3f5233c170a6340ab3022fc135ed97e6a412d347616904c,Beca Educación Superior Ilustre Municipalidad de Papudo,Municipalidad de Papudo,REQUIERE_ACLARACION,Cuenta pública 2017 identifica beneficiarios de educación superior; no trasladar el aporte de enseñanza media. Recuperación tiene discrepancia TLS; falta reglamento de superior.,https://www.municipalidadpapudo.cl/Archivos/cuenta_publica/cuenta_publica_2017.pdf | https://www.municipalidadpapudo.cl/,Recuperar y leer visualmente el documento de Municipalidad de Papudo indicado en las fuentes; localizar el apartado de Beca Educación Superior Ilustre Municipalidad de Papudo y registrar páginas con beneficio y elegibilidad.
f791e7c86277c3314f6d3fc2e5793a325104b13c892b8b7030d0b46253a1b612,Beca Municipal de Educación Superior 2025/2026,Municipalidad de Carahue,REQUIERE_ACLARACION,Acta 42 de 2 de febrero 2026 no recuperada por tiempo de espera. Leer acuerdo y anexos correspondientes a beca universitaria; noticia histórica de terceros no basta.,https://sidmun.carahue.cl/web/Archivos/Actas/2026/2026-02-02-42.pdf | https://carahue.cl/,Recuperar y leer visualmente el documento de Municipalidad de Carahue indicado en las fuentes; localizar el apartado de Beca Municipal de Educación Superior 2025/2026 y registrar páginas con beneficio y elegibilidad.
ca0e6229369a472919fca235617e8fca06aa229bffb66fd73d32f0e1952e9c65,Beca Estudiantil Municipal Yumbel,Municipalidad de Yumbel,REQUIERE_ACLARACION,"Página 68: Beca Residencia Yumbel, estadía en hogares de Concepción marzo–diciembre; matrícula en institución superior de Concepción–Talcahuano, domicilio, notas, RSH y formulario. No describe un cheque ni un aporte general según presupuesto. Falta fuente que demuestre el supuesto apoyo monetario original; no sustituirlo por alojamiento.",https://yumbel.cl/wp-content/uploads/2024/12/POSTULACION-BECA-RESIDENCIA-2025-2.pdf | https://www.yumbel.cl/ | https://direcciones.ucsc.cl/content/uploads/sites/35/2024/12/Becas-Municipales.pdf,"Contrastar Beca Estudiantil Municipal Yumbel con el apartado del programa de Municipalidad de Yumbel; documentar correspondencia de nivel, destinatarios y tipo de apoyo antes de corregir cifras."
6b040bf2cb8c5732b3e9f3b9fb223cc457e78044fc235ded186e8fd32fbddd20,Beca Municipal Estudiantil El Monte,Municipalidad de El Monte,REQUIERE_ACLARACION,Cuenta pública 2024 muestra gestión de BPR/BI de JUNAEB; no acredita beca municipal propia. Falta fuente específica de esta última; no concluir inexistencia.,https://www.munielmonte.cl/files/CUENTA%20PUBLICA%202024.pdf | https://www.munielmonte.cl/,Recuperar y leer visualmente el documento de Municipalidad de El Monte indicado en las fuentes; localizar el apartado de Beca Municipal Estudiantil El Monte y registrar páginas con beneficio y elegibilidad.
cbccb00c7d8d89014ac78ebbcc2f3d49de80f58164b82f8d32881e161bcb6f90,Beca Concejo Municipal de Osorno para Educación Superior,Municipalidad de Osorno,REQUIERE_ACLARACION,PDF 2011 sin texto extraíble. Requiere lectura visual del acuerdo del Concejo; no sustituir por becas deportivas o culturales actuales.,https://www.municipalidadosorno.cl/docs/site/cuentapublica/cuentapublica2011.pdf | https://www.municipalidadosorno.cl/dideco,Recuperar y leer visualmente el documento de Municipalidad de Osorno indicado en las fuentes; localizar el apartado de Beca Concejo Municipal de Osorno para Educación Superior y registrar páginas con beneficio y elegibilidad.
1cd51c0d2ec1a24b6be88ad42557efc2a2d72e8d0312311c715338b7ffc5582b,Beca Municipal de Mantención Pudahuel,Municipalidad de Pudahuel,REQUIERE_ACLARACION,"Boletín municipal agosto 2024 respalda pago económico, pero no elegibilidad. Catastro UAH 2022 corresponde a otro año; recuperar bases de una misma convocatoria antes de combinarlos.",https://dideco.mpudahuel.cl/app/tramites/home.asp | https://www.mpudahuel.cl/dideco,Localizar las bases o ficha específica de Beca Municipal de Mantención Pudahuel en Municipalidad de Pudahuel; contrastar el beneficio y los destinatarios frente a la carencia individual descrita en el antecedente.
19df4e73e6b31fa7b919bf2dd7aa58a2c44778ea6fc63ab1ec69d4cb57554abc,Beca Ilustre Municipalidad de Linares,Municipalidad de Linares,REQUIERE_ACLARACION,"Acta municipal 2024 no recuperada por certificado TLS. PDF de corporación sobre estudios requiere acceso y contraste: podría ser convenio CFT, no misma beca; no confirmar alias.",https://www.corporacionlinares.cl/ley20285/pdf/07/actas_de_concejo/ACTA_121_del_12_11_2024.pdf | https://www.corporacionlinares.cl/,Recuperar y leer visualmente el documento de Municipalidad de Linares indicado en las fuentes; localizar el apartado de Beca Ilustre Municipalidad de Linares y registrar páginas con beneficio y elegibilidad.
f8b6eed134d17b2e4dbc41b3563fafb078b7b4af683348ddafd031d71c9dbc55,Beca Educación Superior,Municipalidad de Concepción,REQUIERE_ACLARACION,Acta 2015 sin texto extraíble requiere lectura visual. Documento de 2018 para funcionarios no acredita candidata general de educación superior.,https://www.concepcion.cl/transparencia/documentos/actas_ord_2012_2016/Acta_111-2015.pdf | https://www.concepcion.cl/servicios-municipales/,Recuperar y leer visualmente el documento de Municipalidad de Concepción indicado en las fuentes; localizar el apartado de Beca Educación Superior y registrar páginas con beneficio y elegibilidad.
a6bf4aee68f0b0f2711c04cfb093afc6d84a2733bd86970f277b8fb572c709b6,Beca Municipal de Educación Superior,Municipalidad de Temuco,REQUIERE_ACLARACION,Acta 2024 consultada describe becas deportivas. No respalda candidata de mantención superior; falta reglamento de esta modalidad.,https://transparencia.temuco.cl/theconcejo/2024/junio/18-06.pdf | https://www.temuco.cl/dideco/,Recuperar y leer visualmente el documento de Municipalidad de Temuco indicado en las fuentes; localizar el apartado de Beca Municipal de Educación Superior y registrar páginas con beneficio y elegibilidad.
c184494125231a03affcbe31c17eca4b7cea9a9bcb454850a996fa9460a3f51a,Beca Municipal para Estudiantes de Educación Superior,Municipalidad de Estacion Central,REQUIERE_ACLARACION,Enlace a bases 2026 redirige a portada municipal. Recuperar archivo desde transparencia o publicación original; portada no prueba requisitos.,https://www.muniestacioncentral.cl/wp-content/uploads/2026/03/bases-BTC.pdf | https://estacioncentral.cl/,Recuperar y leer visualmente el documento de Municipalidad de Estacion Central indicado en las fuentes; localizar el apartado de Beca Municipal para Estudiantes de Educación Superior y registrar páginas con beneficio y elegibilidad.
a11c77c03e7be7edc71ab53364ab40f2ccd66a4c3086294643c90019584e4777,Beca Municipal Educación Superior Caldera,Municipalidad de Caldera,REQUIERE_ACLARACION,"Ruta FONDESCO 2025 devuelve HTML, no bases PDF. Falta demostrar beneficio individual superior; contratación de transporte no acredita aporte monetario propio.",https://caldera.cl/wp-content/uploads/2025/06/BASES-TECNICAS-Y-ADMINISTRATIVAS-FONDESCO-2025-of.pdf | https://www.caldera.cl/,Recuperar y leer visualmente el documento de Municipalidad de Caldera indicado en las fuentes; localizar el apartado de Beca Municipal Educación Superior Caldera y registrar páginas con beneficio y elegibilidad.
cb716976a191d01fa438e26b99e4b8f475d99bb9d201934d3ee43226ad7f0925,Beca Municipal Estudiantil,Municipalidad de Coltauco,REQUIERE_ACLARACION,"Noticia municipal anuncia postulaciones de superior, sin precisar aporte ni condiciones. Leer bases o formulario público enlazado sin enviar solicitud.",https://www.coltauco.cl/rsp/noticias.php?id=359 | https://www.coltauco.cl/,Localizar las bases o ficha específica de Beca Municipal Estudiantil en Municipalidad de Coltauco; contrastar el beneficio y los destinatarios frente a la carencia individual descrita en el antecedente.
e4dc133f45e6b4b4870334d7e653bf322f1e15fe933dbb4eba16ea9770896c67,Beca Municipal Capital del Mimbre,Municipalidad de Chimbarongo,REQUIERE_ACLARACION,Documento alojado en Cámara no recuperado por 403. Buscar reglamento municipal Capital del Mimbre y verificar alcance de superior.,https://www.camara.cl/verDoc.aspx?prmID=372191&prmTIPO=DOCUMENTO_COMISION | https://www.municipalidadchimbarongo.com/,Recuperar y leer visualmente el documento de Municipalidad de Chimbarongo indicado en las fuentes; localizar el apartado de Beca Municipal Capital del Mimbre y registrar páginas con beneficio y elegibilidad.
7a3ec8f3d5c492303812028da43f2af7317e056921f3fbfe6d274386952927f1,Beca Municipal de Educación Superior,Municipalidad de Peumo,REQUIERE_ACLARACION,"Documento oficial contiene beneficiarios, no bases ni cobertura. Falta acuerdo o reglamento del mismo programa; no deducir criterios desde nómina.",https://mpeumo.cl/page/2/?paged=2 | https://mpeumo.cl/,Localizar las bases o ficha específica de Beca Municipal de Educación Superior en Municipalidad de Peumo; contrastar el beneficio y los destinatarios frente a la carencia individual descrita en el antecedente.
34caa8abfdbea88cf08a57fa33f7e0629f9dec390d260879a8dfa6869d1d936c,Beca Red de Egresados,INACAP,EXCLUSION_HISTORICA_SIN_RATIFICAR,Página Red de Egresados devuelve 404. Recuperar beneficio propio para familiares de egresados; beca estatal de articulación no prueba esta candidata.,https://www.inacap.cl/tportal/portales/tp4964b0e11802/becas-y-beneficios.html,Recuperar y leer visualmente el documento de INACAP indicado en las fuentes; localizar el apartado de Beca Red de Egresados y registrar páginas con beneficio y elegibilidad.
d180e8d90434d731b878be62de9c8e31bdcff85544b9ca440e8552d94bdb72c5,Beca de Mantención Municipal para Estudios Superiores,Municipalidad de Coquimbo,REQUIERE_ACLARACION,Página DIDECO devuelve 404. Falta fuente específica de beca superior propia; distinguir convenios con universidades.,https://www.municoquimbo.cl/direccion-de-desarrollo-comunitario/,Recuperar y leer visualmente el documento de Municipalidad de Coquimbo indicado en las fuentes; localizar el apartado de Beca de Mantención Municipal para Estudios Superiores y registrar páginas con beneficio y elegibilidad.
6bfaa7776894bbb9ca4951e00f219cff008f3c8027061b44b818cedf965f986d,Beca de Estudio Graneros Nueva Ciudad,Municipalidad de Graneros,REQUIERE_ACLARACION,PADEM 2019 devuelve 404. Recuperar sección del programa y sus condiciones; no certificar desde la URL.,https://www.daemgraneros.cl/file/padem2019.pdf | https://municipalidadgraneros.cl/,Recuperar y leer visualmente el documento de Municipalidad de Graneros indicado en las fuentes; localizar el apartado de Beca de Estudio Graneros Nueva Ciudad y registrar páginas con beneficio y elegibilidad.
d429a131ee5eb0da8f128b67ea6826d736362150fb9214050db6838af03ab93c,Beca de Mantención Educación Superior Hualpen,Municipalidad de Hualpen,REQUIERE_ACLARACION,"Catastro UdeC 2024 detalla convenio IDP de descuento de arancel, no mantención monetaria. Falta demostrar candidata de mantención independiente.",https://www.hualpenciudad.cl/wp-content/uploads/2025/12/Pladeco-2026-2032-2-reducido.pdf | https://cade.udec.cl/wp-content/uploads/2024/10/Catastro-Beneficios-Municipales-2.pdf | https://www.hualpenciudad.cl/,Recuperar y leer visualmente el documento de Municipalidad de Hualpen indicado en las fuentes; localizar el apartado de Beca de Mantención Educación Superior Hualpen y registrar páginas con beneficio y elegibilidad.
14abd2d4252d535d32030eead8a43b45fd448a5d3ea087c749f43ad2b6ba85cb,Beca Estudiantil Municipal Lautaro,Municipalidad de Lautaro,REQUIERE_ACLARACION,Portal devuelve 406. Falta documento específico del programa superior con beneficio y requisitos; no marcar como inexistente.,https://www.munilautaro.cl/trabajos-de-veranos-2023/ | https://www.munilautaro.cl/,Recuperar y leer visualmente el documento de Municipalidad de Lautaro indicado en las fuentes; localizar el apartado de Beca Estudiantil Municipal Lautaro y registrar páginas con beneficio y elegibilidad.
9ce906481d31a5afe650ce6ce496adbb9f95ba8b1254a2e2e1837d71d408a519,Beca Educación Superior Santa Maria,Municipalidad de Santa Maria,REQUIERE_ACLARACION,Noticia de deportes bloqueada 403; título no respalda educación superior. Falta localizar beca estudiantil propia.,https://imsantamaria.cl/municipalidad-de-santa-maria-entrega-30-becas-deportivas-a-destacados-deportistas-locales/ | https://www.imsantamaria.cl/,Recuperar y leer visualmente el documento de Municipalidad de Santa Maria indicado en las fuentes; localizar el apartado de Beca Educación Superior Santa Maria y registrar páginas con beneficio y elegibilidad.
49a1cf4554d04de646e6729a5b2bcfb8b652a5eaa22066ea9e55686fe7800759,Beca Municipal Educación Superior Talca,Municipalidad de Talca,REQUIERE_ACLARACION,"Documento municipal no recuperado por cadena TLS. Recuperar archivo de bases, sin inferir cobertura del nombre.",https://www.talca.cl/?p=26627 | https://www.talca.cl/,Recuperar y leer visualmente el documento de Municipalidad de Talca indicado en las fuentes; localizar el apartado de Beca Municipal Educación Superior Talca y registrar páginas con beneficio y elegibilidad.
c5a89ab81b7d1fca835bb09dbbe5414aea0b1b008180247495c14f5355fe72cc,Beca Municipal de Educación Superior Victoria,Municipalidad de Victoria,REQUIERE_ACLARACION,Página de subsidios leída; reglamento de ayuda social enlazado devuelve 403. Falta leer apartado de educación y comprobar si existe programa superior específico.,https://victoriachile.cl/departamentos-y-direcciones/secretaria-municipal/transparencia-subsidios-y-beneficios-propios/ | https://www.victoria.cl/,Recuperar y leer visualmente el documento de Municipalidad de Victoria indicado en las fuentes; localizar el apartado de Beca Municipal de Educación Superior Victoria y registrar páginas con beneficio y elegibilidad.
561cf61f3e18aa9785dd49bc40778fb3175aa8ac94f1bc71a0211eb10734b00d,Beca Familiar UCSH,Universidad Católica Silva Henriquez,EXCLUSION_HISTORICA_SIN_RATIFICAR,Página familiar UCSH bloqueada 403. Formulario familiar de magíster no acredita pregrado; falta regla específica de familiares para el nivel candidato.,https://www.ucsh.cl/becas-y-beneficios/ | https://admision.ucsh.cl/becas-y-beneficios/,Recuperar y leer visualmente el documento de Universidad Católica Silva Henriquez indicado en las fuentes; localizar el apartado de Beca Familiar UCSH y registrar páginas con beneficio y elegibilidad.
5f17b62ec6ecb905ceed2b7e3271a2974e374ec3b003fbcd3816c06fac6b7578,Beca Intercultural UCT,Universidad Católica de Temuco,EXCLUSION_HISTORICA_SIN_RATIFICAR,Página intercultural UCT devuelve 404. Beca estatal indígena no acredita beneficio institucional propio; falta identificar programa.,https://admision.uct.cl/becas-y-beneficios/,Recuperar y leer visualmente el documento de Universidad Católica de Temuco indicado en las fuentes; localizar el apartado de Beca Intercultural UCT y registrar páginas con beneficio y elegibilidad.
e88f2512a40acfc5e28efc57cb4cf115b82da9989b89dd025fe7bded0b389112,Beca de Apoyo Socioeconomico UCT,Universidad Católica de Temuco,EXCLUSION_HISTORICA_SIN_RATIFICAR,Página social UCT devuelve 404. No sustituir por beneficio MEP de arancel de otra ficha ya confirmada; falta identidad de esta candidata.,https://admision.uct.cl/becas-y-beneficios/,Recuperar y leer visualmente el documento de Universidad Católica de Temuco indicado en las fuentes; localizar el apartado de Beca de Apoyo Socioeconomico UCT y registrar páginas con beneficio y elegibilidad.
5254ac468066e3edc4853385821173bc489dfd44d9e6acb0db1ce3f5ff20ef7e,Beca Fomento Regional UDLA,Universidad de Las Américas,EXCLUSION_HISTORICA_SIN_RATIFICAR,Enlace regional UDLA devuelve 404. Recuperar reglamento o ficha que identifique apoyo regional propio y su cobertura.,https://admision.udla.cl/becas-y-financiamiento/ | Beca Fomento Regional UDLA con 20% de descuento para estudiantes de sedes regionales. Incentiva la diversidad geografica. Documentos: certificado de residencia en region. matricula. Renovable.,Recuperar y leer visualmente el documento de Universidad de Las Américas indicado en las fuentes; localizar el apartado de Beca Fomento Regional UDLA y registrar páginas con beneficio y elegibilidad.
1c47d8aba6a0d077201251fe750018ee5237e9ba394c6674085171b14e630c95,Beca Convenio Empresas AIEP,AIEP,EXCLUSION_HISTORICA_SIN_RATIFICAR,"La ficha específica establece financiación de la carrera por el empleador mediante orden de compra y factura; si la factura queda impaga y se anula, la deuda vuelve al estudiante. No establece descuento propio del 10–25% ni extensión a cargas familiares. Distinguir financiación empresarial de descuento por convenio; falta acreditar el convenio que afirma el original.",https://www.aiep.cl/admision/becas-y-financiamiento/ | https://www.aiep.cl/admision/becas-y-financiamiento/beneficio-empresas/,"Contrastar Beca Convenio Empresas AIEP con el apartado del programa de AIEP; documentar correspondencia de nivel, destinatarios y tipo de apoyo antes de corregir cifras."
317fc4e2853c759fae7d0742bb8613f5dda0fdd0a57437f63741d2df0e998bc5,Beca Apoyo Familiar ENAC,CFT ENAC,EXCLUSION_HISTORICA_SIN_RATIFICAR,"El informe oficial 2022, páginas 150–151 y 302, describe financiamiento estatal y orientación a beneficios internos/externos sin identificar esta beca ni sus requisitos. Página 318 menciona becas para pagar el proceso de título: no una beca de segunda carrera para titulados. No permite confirmar porcentajes ni requisitos del registro. No demuestra inexistencia del programa; se requiere instrumento específico.",https://enac.cl/admision/ | https://acreditacion.enac.cl/wp-content/uploads/2022/07/Informe-Autoevaluacion-Institucional.pdf,Localizar las bases o ficha específica de Beca Apoyo Familiar ENAC en CFT ENAC; contrastar el beneficio y los destinatarios frente a la carencia individual descrita en el antecedente.
caf8058fd9dc82de04456bb99374a18534754876b7673ce78d485b5eb1b4945c,Beca Convenio Empresas ENAC,CFT ENAC,EXCLUSION_HISTORICA_SIN_RATIFICAR,"El informe oficial 2022, páginas 150–151 y 302, describe financiamiento estatal y orientación a beneficios internos/externos sin identificar esta beca ni sus requisitos. Página 318 menciona becas para pagar el proceso de título: no una beca de segunda carrera para titulados. No permite confirmar porcentajes ni requisitos del registro. No demuestra inexistencia del programa; se requiere instrumento específico.",https://enac.cl/admision/ | https://acreditacion.enac.cl/wp-content/uploads/2022/07/Informe-Autoevaluacion-Institucional.pdf,"Contrastar Beca Convenio Empresas ENAC con el apartado del programa de CFT ENAC; documentar correspondencia de nivel, destinatarios y tipo de apoyo antes de corregir cifras."
bc21440901dae5612e24a28e4cb4ef9d045428f756d255fdbb95ab65d8f3247e,Beca Deportiva ENAC,CFT ENAC,EXCLUSION_HISTORICA_SIN_RATIFICAR,"El informe oficial 2022, páginas 150–151 y 302, describe financiamiento estatal y orientación a beneficios internos/externos sin identificar esta beca ni sus requisitos. Página 318 menciona becas para pagar el proceso de título: no una beca de segunda carrera para titulados. No permite confirmar porcentajes ni requisitos del registro. No demuestra inexistencia del programa; se requiere instrumento específico.",https://enac.cl/admision/ | [OBLIGATORIO] Certificado de matricula o alumno regular; [OPCIONAL] Registro Social de Hogares | https://acreditacion.enac.cl/wp-content/uploads/2022/07/Informe-Autoevaluacion-Institucional.pdf,Localizar las bases o ficha específica de Beca Deportiva ENAC en CFT ENAC; contrastar el beneficio y los destinatarios frente a la carencia individual descrita en el antecedente.
ea0b3c58661cd4a8bb7fdcb61928b14a0790903b6fbfe7b1a739ba28d7365e30,Beca Excelencia Académica ENAC,CFT ENAC,EXCLUSION_HISTORICA_SIN_RATIFICAR,"El informe oficial 2022, páginas 150–151 y 302, describe financiamiento estatal y orientación a beneficios internos/externos sin identificar esta beca ni sus requisitos. Página 318 menciona becas para pagar el proceso de título: no una beca de segunda carrera para titulados. No permite confirmar porcentajes ni requisitos del registro. No demuestra inexistencia del programa; se requiere instrumento específico.",https://enac.cl/admision/ | [OBLIGATORIO] Certificado de matricula o alumno regular; [OPCIONAL] Registro Social de Hogares | https://acreditacion.enac.cl/wp-content/uploads/2022/07/Informe-Autoevaluacion-Institucional.pdf,Localizar las bases o ficha específica de Beca Excelencia Académica ENAC en CFT ENAC; contrastar el beneficio y los destinatarios frente a la carencia individual descrita en el antecedente.
be15e902598267d92ab44f3ec66c63e0d20fe0daa3af99492030a0bc0a544b31,Beca Titulado ENAC,CFT ENAC,EXCLUSION_HISTORICA_SIN_RATIFICAR,"El informe oficial 2022, páginas 150–151 y 302, describe financiamiento estatal y orientación a beneficios internos/externos sin identificar esta beca ni sus requisitos. Página 318 menciona becas para pagar el proceso de título: no una beca de segunda carrera para titulados. No permite confirmar porcentajes ni requisitos del registro. No demuestra inexistencia del programa; se requiere instrumento específico.",https://enac.cl/admision/ | https://acreditacion.enac.cl/wp-content/uploads/2022/07/Informe-Autoevaluacion-Institucional.pdf,Localizar las bases o ficha específica de Beca Titulado ENAC en CFT ENAC; contrastar el beneficio y los destinatarios frente a la carencia individual descrita en el antecedente.
1e99953c14c855e25d0c8dc49e63a2b99a3957f9459258142435bfe2bf1a5656,Beca Vocacion de Servicio ENAC,CFT ENAC,EXCLUSION_HISTORICA_SIN_RATIFICAR,"El informe oficial 2022, páginas 150–151 y 302, describe financiamiento estatal y orientación a beneficios internos/externos sin identificar esta beca ni sus requisitos. Página 318 menciona becas para pagar el proceso de título: no una beca de segunda carrera para titulados. No permite confirmar porcentajes ni requisitos del registro. No demuestra inexistencia del programa; se requiere instrumento específico.",https://enac.cl/admision/ | [OBLIGATORIO] Certificado de matricula o alumno regular; [OPCIONAL] Registro Social de Hogares | https://acreditacion.enac.cl/wp-content/uploads/2022/07/Informe-Autoevaluacion-Institucional.pdf,Localizar las bases o ficha específica de Beca Vocacion de Servicio ENAC en CFT ENAC; contrastar el beneficio y los destinatarios frente a la carencia individual descrita en el antecedente.
3d18e832d502f72a7526c52bcc01a709465772b0e57cdaacfc301ada94baf7ef,Beca de Articulacion EMTP,INACAP,EXCLUSION_HISTORICA_SIN_RATIFICAR,Página INACAP de articulación describe beca estatal TNS a carrera profesional de 750.000. No respalda convenio EMTP de 20% del original; falta documento propio.,https://portal.inacap.cl/financiamiento-estudiantil/becas/beca-de-articulacion | https://www.inacap.cl/tportal/portales/tp4964b0e11802/becas-y-beneficios.html,Localizar las bases o ficha específica de Beca de Articulacion EMTP en INACAP; contrastar el beneficio y los destinatarios frente a la carencia individual descrita en el antecedente.
265188d05ce42208284cba01c4ef3c35ed8f99093de8e89d3e2d6ae535727dd3,Beca Convenio Empresas IP Chile,IP Chile,EXCLUSION_HISTORICA_SIN_RATIFICAR,Portal IP Chile de continuidad describe convenios para titulados hacia otras universidades. No acredita beca para trabajadores de empresas que estudian en IP Chile.,https://circulotitulados.ipchile.cl/convenios/,"Contrastar Beca Convenio Empresas IP Chile con el apartado del programa de IP Chile; documentar correspondencia de nivel, destinatarios y tipo de apoyo antes de corregir cifras."
6a714f7d1428f67456471f3806815b50cfac706cc432290d07a671af249e274c,Beca Copago IP Chile,IP Chile,EXCLUSION_HISTORICA_SIN_RATIFICAR,La ficha explica FUAS y beneficios estatales; no identifica una beca institucional de copago IPCHILE.,https://www.ipchile.cl/becas-y-financiamiento/que-es-el-fuas/ | [OBLIGATORIO] Certificado de matricula o alumno regular; [OPCIONAL] Registro Social de Hogares,Localizar las bases o ficha específica de Beca Copago IP Chile en IP Chile; contrastar el beneficio y los destinatarios frente a la carencia individual descrita en el antecedente.
9be88ff7a97c85dd8656adda7a434a6dc1156fb175917f84cc8fa7e98280a9fb,Beca Familiar IP Chile,IP Chile,EXCLUSION_HISTORICA_SIN_RATIFICAR,La página de cursos y diplomados menciona descuento para titulados; no acredita descuento familiar para hermanos de pregrado.,https://campus.ipchile.cl/cursos-y-diplomados/ | [OBLIGATORIO] Certificado de matricula o alumno regular; [OPCIONAL] Registro Social de Hogares,Localizar las bases o ficha específica de Beca Familiar IP Chile en IP Chile; contrastar el beneficio y los destinatarios frente a la carencia individual descrita en el antecedente.
985da9da2d35c58583858216ff1a5e630386dfa27350ff6ea15d253aabd91e65,Beca Titulado IP Chile,IP Chile,EXCLUSION_HISTORICA_SIN_RATIFICAR,Los convenios financian continuidad en UNIACC y UNAP. No acreditan segunda carrera dentro de IPCHILE.,https://www.ipchile.cl/becas-y-financiamiento/convenios-de-continuidad-de-estudios/,Localizar las bases o ficha específica de Beca Titulado IP Chile en IP Chile; contrastar el beneficio y los destinatarios frente a la carencia individual descrita en el antecedente.
16a87f1001172cd1fe3a85de4a9c84690d53a5532b890db085fdb1017d563322,Aporte de Movilidad y Combustible Algarrobo,Municipalidad de Algarrobo,REQUIERE_ACLARACION,El aporte de movilidad y combustible 2026 se dirige a familias vulnerables y otros grupos sociales; no se acredita la condición de estudiante de educación superior del original.,https://munialgarrobo.cl/postulacion-aporte-economico-de-movilidad-y-combustible/ | https://munialgarrobo.cl/postulaciones-aporte-economico-municipal-2026/,Localizar las bases o ficha específica de Aporte de Movilidad y Combustible Algarrobo en Municipalidad de Algarrobo; contrastar el beneficio y los destinatarios frente a la carencia individual descrita en el antecedente.
4442e480302d438f05cf0783dcc19e759d5a20c332865a007fa197bf5acb492f,Beca Municipal de Educación Superior Arica,Municipalidad de Arica,REQUIERE_ACLARACION,La noticia del 7 de abril de 2026 corresponde a Residencia Familiar Estudiantil JUNAEB; no al aporte municipal de dinero de la candidata.,https://www.muniarica.cl/noticias/publicacion/municipalidad-lanza-programa-de-residencia-familiar-estudiantil-que-beneficiara-a-jovenes-vulnerables-de-zonas-alejadas-con-apoyo-integral | https://www.muniarica.cl/dideco,Localizar las bases o ficha específica de Beca Municipal de Educación Superior Arica en Municipalidad de Arica; contrastar el beneficio y los destinatarios frente a la carencia individual descrita en el antecedente.
7a0664f019f258c3dcb76adfdd8961423a5dcb6df1f640006e2ca9d659226a74,Beca Pedro Aguirre Cerda,Municipalidad de Calle Larga,REQUIERE_ACLARACION,El catastro UAH 2022 refiere la comuna Pedro Aguirre Cerda. No acredita un programa homónimo de Calle Larga.,https://www.uahurtado.cl/wp-images/uploads/2022/03/BENEFICIOS-ESTUDIANTILES-ADMISION-2022.pdf | https://www.municallelarga.cl/,Localizar las bases o ficha específica de Beca Pedro Aguirre Cerda en Municipalidad de Calle Larga; contrastar el beneficio y los destinatarios frente a la carencia individual descrita en el antecedente.
5bec6bdc0c12d45035f6c5c3b12d702bb380e5d16aec03a2e70c82016963737d,Beca Municipal de Apoyo a la Educación Superior Camina,Municipalidad de Camina,REQUIERE_ACLARACION,El proyecto educativo del Liceo Camiña menciona redes de becas; no detalla una beca municipal propia para educación superior.,https://wwwfs.mineduc.cl/Archivos/infoescuelas/documentos/12759/ProyectoEducativo12759.pdf | https://www.municamina.cl/,Localizar las bases o ficha específica de Beca Municipal de Apoyo a la Educación Superior Camina en Municipalidad de Camina; contrastar el beneficio y los destinatarios frente a la carencia individual descrita en el antecedente.
f01eabac42e8476ca5b8bebba55201b8a1cc93a2a521eb78c112f7a9bf987235,Beca Municipal de Educación Superior Catemu,Municipalidad de Catemu,REQUIERE_ACLARACION,La publicación corresponde a becas deportivas; no acredita una beca general de educación superior de Catemu.,https://www.municatemu.cl/index.php/2-uncategorised/32-becas-deportivas-municipalidad-de-catemu | https://municatemu.cl/,"Contrastar Beca Municipal de Educación Superior Catemu con el apartado del programa de Municipalidad de Catemu; documentar correspondencia de nivel, destinatarios y tipo de apoyo antes de corregir cifras."
b7768323f77789c61255a04ca8bf4484d89afee9d6d622d26bc387c52a1a7a47,Beca Municipal Educación Superior Chanaral,Municipalidad de Chanaral,REQUIERE_ACLARACION,La página recuperada es un índice de noticias; no contiene beneficio y requisitos atribuibles a esta candidata.,https://www.munichanaral.cl/noticias.html | https://www.munichanaral.cl/,Localizar las bases o ficha específica de Beca Municipal Educación Superior Chanaral en Municipalidad de Chanaral; contrastar el beneficio y los destinatarios frente a la carencia individual descrita en el antecedente.
e1c38b0822a3ca7475889b8d240c5c82843b8a2b41a57590a63958fbe16455d9,Beca Municipal Estudios Superiores Cholchol,Municipalidad de Cholchol,REQUIERE_ACLARACION,La página de organización municipal no contiene las reglas del aporte de educación superior de Cholchol.,https://municholchol.cl/municipio/ | https://municholchol.cl/contacto-5/ | https://www.municipalidadcholchol.cl/,Localizar las bases o ficha específica de Beca Municipal Estudios Superiores Cholchol en Municipalidad de Cholchol; contrastar el beneficio y los destinatarios frente a la carencia individual descrita en el antecedente.
25891bb62e4d316afba8830c7cc238ef5a753ae74adfe101a12a8a93e600fdba,Beca de Educación Superior Cholchol,Municipalidad de Cholchol,REQUIERE_ACLARACION,El directorio de contactos no describe monto ni condiciones del programa; no prueba duplicidad con la otra candidata Cholchol.,https://municholchol.cl/contacto-5/ | https://www.municipalidadcholchol.cl/,Localizar las bases o ficha específica de Beca de Educación Superior Cholchol en Municipalidad de Cholchol; contrastar el beneficio y los destinatarios frente a la carencia individual descrita en el antecedente.
f6ee87674bac80bc6912223da830ad62d050cca1da1eaaeca41b7d08343a741d,Beca Municipal Educación Superior Cochamo,Municipalidad de Cochamo,REQUIERE_ACLARACION,La noticia de El Huemul describe aportes 2026 para 34 estudiantes de varios niveles; es un medio externo. Falta publicación oficial que establezca requisitos de selección.,https://elhuemul.cl/2026/07/21/municipalidad-de-cochamo-entrega-los-primeros-aportes-municipales-estudiantiles-a-34-estudiantes-de-la-comuna/ | https://www.cochamo.cl/,Localizar las bases o ficha específica de Beca Municipal Educación Superior Cochamo en Municipalidad de Cochamo; contrastar el beneficio y los destinatarios frente a la carencia individual descrita en el antecedente.
cd7505441fad6a5c493bbae62b20cde11e27b4602864641986f8dc1bacbdfc1f,Beca Municipal Educación Superior Coelemu,Municipalidad de Coelemu,REQUIERE_ACLARACION,Las bases deportivas no acreditan la modalidad de mantención estudiantil de Coelemu.,https://www.municoelemu.cl/decreto-alcaldicio-n-2000-con-fecha-de-20-de-noviembre-de-2024-que-aprueba-bases-administrativas-de-beca-de-excelencia-y-proyeccion-deportiva-coelemu-2024/ | https://www.municoelemu.cl/,Localizar las bases o ficha específica de Beca Municipal Educación Superior Coelemu en Municipalidad de Coelemu; contrastar el beneficio y los destinatarios frente a la carencia individual descrita en el antecedente.
c813d491edc595bdd474efd08d3229ec4cbe4ed24b63c059a979a5164dd422b5,Beca Municipal Educación Superior Concon,Municipalidad de Concon,REQUIERE_ACLARACION,El antecedente de transparencia requiere identificar el artículo del programa y sus beneficiarios; la referencia por sí sola no respalda las reglas originales.,https://transparenciaconcon.cl/upload/planilla/07_actosyresoluciones/Decretos/Decretos%20Alcaldicios%202026/Marzo/DA0718.pdf | https://concon.cl/,"Contrastar Beca Municipal Educación Superior Concon con el apartado del programa de Municipalidad de Concon; documentar correspondencia de nivel, destinatarios y tipo de apoyo antes de corregir cifras."
12b538ef6d46de6e96a66c6b59cc781840e337764bbc8fe1158ca44328d9d0cb,Beca Municipal de Educación Superior Copiapo,Municipalidad de Copiapo,REQUIERE_ACLARACION,La recuperación del enlace devolvió 403. No demuestra inexistencia; falta una ficha oficial del aporte de educación superior.,https://copiapo.cl/index.php/2026/02/18/municipio-de-copiapo-se-reune-con-becados-de-medicina-y-proyecta-nuevas-alianzas-academicas-en-la-rioja/ | https://www.copiapo.cl/tramites-municipales/,"Contrastar Beca Municipal de Educación Superior Copiapo con el apartado del programa de Municipalidad de Copiapo; documentar correspondencia de nivel, destinatarios y tipo de apoyo antes de corregir cifras."
f07686d2571b967768fbff52c4722d46b97c68f7a231705b1803180f7b55c9e4,Beca Municipal de Educación Superior Coronel,Municipalidad de Coronel,REQUIERE_ACLARACION,"Página 71: subvención de pasajes Coronel, año 2024; monto según presupuesto. RSH sin umbral publicado; notas 5,5 al egreso y todos los ramos aprobados en superior. Restringida a locomoción: no valida libre disposición anual ni NEM 5,0 del original. La comunicación municipal de 2019 sobre programa 100 por 100 identifica otro antecedente; falta precisar cuál corresponde al registro.",https://www.coronel.cl/noticias/orgullo-coronelino-alcalde-chamorro-premia-con-beca-a-dos-alumnos-del-liceo-bicentenario-por-puntaje-nacional-en-matematicas-paes/ | https://direcciones.ucsc.cl/content/uploads/sites/35/2024/12/Becas-Municipales.pdf | https://www.coronel.cl/,"Contrastar Beca Municipal de Educación Superior Coronel con el apartado del programa de Municipalidad de Coronel; documentar correspondencia de nivel, destinatarios y tipo de apoyo antes de corregir cifras."
6e9fa1f5b3f2577cf61e596a308c1a07baf9dc18f187b60c50dd322909457131,Beca Municipal de Apoyo Estudiantil Visviri / General Lagos,Municipalidad de General Lagos,REQUIERE_ACLARACION,El documento de Beca Indígena 2013 describe JUNAEB; no acredita una beca municipal propia de General Lagos.,https://www.portalvisviri.cl/transparencia/documentos/social/REQUISITOS%20BECA%20INDIGENA.pdf | https://www.mungenerallagos.cl/,Localizar las bases o ficha específica de Beca Municipal de Apoyo Estudiantil Visviri / General Lagos en Municipalidad de General Lagos; contrastar el beneficio y los destinatarios frente a la carencia individual descrita en el antecedente.
349245ad74fc8dbe5e8eb93fb9b786d0a21cdba992eec27b0d9e03e14d4e868c,Beca Municipal Estudiantil Gorbea,Municipalidad de Gorbea,REQUIERE_ACLARACION,"Las bases Gorbea 2025 definen logros deportivos regionales, nacionales o internacionales. No respaldan la modalidad estudiantil general del original.",https://www.municipalidadgorbea.cl/transparencia/images/ArchivosHOME/Anuncios/Bonos/2025/BASES%20BECAS%20DEPORTIVAS%202025%20WEB.pdf | https://municipalidadgorbea.cl/,Localizar las bases o ficha específica de Beca Municipal Estudiantil Gorbea en Municipalidad de Gorbea; contrastar el beneficio y los destinatarios frente a la carencia individual descrita en el antecedente.
a8f912fccd636e21b44b40623366d008b52c4e9c71f2af449ff09cdbb9cd9e2a,Beca Municipal Estudiantil Hualane,Municipalidad de Hualane,REQUIERE_ACLARACION,Transparencia marzo 2026 identifica decreto 423 para deportistas destacados y sus montos. No acredita la beca estudiantil general de Hualañé.,https://transparencia.hualane.cl/index.php?a=2026&action=plantillas_generar_plantilla&ia=12137&ig=411&m=3 | https://hualane.cl/,"Contrastar Beca Municipal Estudiantil Hualane con el apartado del programa de Municipalidad de Hualane; documentar correspondencia de nivel, destinatarios y tipo de apoyo antes de corregir cifras."
156dd0bb62bd94aa399ff0ccfabd4a170ac4b527cde0c39d30b1d30a2508012a,Beca Municipal Educación Superior Hualpen,Municipalidad de Hualpen,REQUIERE_ACLARACION,PLADECO no se recuperó por tiempo de espera. El catastro UdeC 2024 describe un descuento de arancel con IDP; no acredita el aporte municipal general.,https://www.hualpenciudad.cl/wp-content/uploads/2025/12/Pladeco-2026-2032-2-reducido.pdf | https://cade.udec.cl/wp-content/uploads/2024/10/Catastro-Beneficios-Municipales-2.pdf | https://hualpenciudad.cl/,"Contrastar Beca Municipal Educación Superior Hualpen con el apartado del programa de Municipalidad de Hualpen; documentar correspondencia de nivel, destinatarios y tipo de apoyo antes de corregir cifras."
15c8db341720668baebdd2a2be22b25bd8c99a733e5d854f6a53929b18b45b99,Beca de Mantención Educación Superior Huara,Municipalidad de Huara,REQUIERE_ACLARACION,La noticia de abril de 2020 describe computadores JUNAEB para séptimo básico. No respalda mantención municipal para educación superior de Huara.,https://www.goretarapaca.gov.cl/2-477-computadores-con-conexion-gratuita-a-internet-entrega-el-mineduc-a-estudiantes-de-tarapaca/ | https://www.imhuara.cl/,"Contrastar Beca de Mantención Educación Superior Huara con el apartado del programa de Municipalidad de Huara; documentar correspondencia de nivel, destinatarios y tipo de apoyo antes de corregir cifras."
b8b0e486aadb5a9ea10a112dcb4f875f4b70455792e81803392506fd81120baf,Beca Municipal de Educación Superior,Municipalidad de Iquique,REQUIERE_ACLARACION,Las bases oficiales describen Sixto Rojas Acosta: formación artística escolar y proyección artística superior/postgrado. No es una beca general para cualquier estudiante superior.,https://www.municipioiquique.cl/files/1439 | https://www.municipioiquique.cl/,Localizar las bases o ficha específica de Beca Municipal de Educación Superior en Municipalidad de Iquique; contrastar el beneficio y los destinatarios frente a la carencia individual descrita en el antecedente.
1d5e0e1a3d7093d6cd170875d30b640fc8e17c11a5ee6e1a0adf27f48e46680a,Beca Municipal de Educación Superior Iquique,Municipalidad de Iquique,REQUIERE_ACLARACION,Las bases Sixto Rojas exigen disciplina artística y distinguen dos líneas. No acreditan la modalidad genérica original ni permiten declarar duplicidad solo por municipio.,https://www.municipioiquique.cl/files/1439 | https://www.municipioiquique.cl/,"Contrastar Beca Municipal de Educación Superior Iquique con el apartado del programa de Municipalidad de Iquique; documentar correspondencia de nivel, destinatarios y tipo de apoyo antes de corregir cifras."
e815bff334da2705dfa9de4cce04d097a1ab8b79c6ca323df0e83814a3ac50ed,Beca Municipal de Educación Superior Archipielago Juan Fernandez,Municipalidad de Juan Fernandez,REQUIERE_ACLARACION,La referencia de partida no contiene ficha específica. Beca Integración Territorial JUNAEB no acredita un programa propio municipal Juan Fernández.,https://www.comunajuanfernandez.cl/,Localizar las bases o ficha específica de Beca Municipal de Educación Superior Archipielago Juan Fernandez en Municipalidad de Juan Fernandez; contrastar el beneficio y los destinatarios frente a la carencia individual descrita en el antecedente.
bcf0f46a8e57d8c6393ed52c9728f1aae74ac4b4633b4f8620fd2559a9ca96a0,Beca Municipal Educación Superior La Florida,Municipalidad de La Florida,REQUIERE_ACLARACION,La Florida 2026 admite kínder a cuarto medio y educación diferencial; no educación superior. No trasladar estos requisitos a la candidata superior.,https://appx.laflorida.cl/beca_escolar/ | https://www.uahurtado.cl/wp-images/uploads/2022/03/BENEFICIOS-ESTUDIANTILES-ADMISION-2022.pdf | https://www.laflorida.cl/,Localizar las bases o ficha específica de Beca Municipal Educación Superior La Florida en Municipalidad de La Florida; contrastar el beneficio y los destinatarios frente a la carencia individual descrita en el antecedente.
3db63e158093f4ca059aa76fc230e609868cd150fbf00adc92115204f20847be,Beca Municipal de Educación Superior La Florida,Municipalidad de La Florida,REQUIERE_ACLARACION,"La plataforma de Beca Escolar 2026 financia útiles, calzado o vestimenta en niveles escolares. No respalda el aporte superior original.",https://appx.laflorida.cl/beca_escolar/ | https://www.uahurtado.cl/wp-images/uploads/2022/03/BENEFICIOS-ESTUDIANTILES-ADMISION-2022.pdf | https://www.laflorida.cl/,Localizar las bases o ficha específica de Beca Municipal de Educación Superior La Florida en Municipalidad de La Florida; contrastar el beneficio y los destinatarios frente a la carencia individual descrita en el antecedente.
82e713f0fbea43f22b9bfa7c6641b139e5f012e85a896aaad1d3d4194e7fdcd3,Subsidio de Pasajes La Serena,Municipalidad de La Serena,REQUIERE_ACLARACION,El acta La Serena 2013 trata solicitudes de subvenciones a organizaciones y actividades. Falta regla específica de subsidio de pasajes para estudiantes superiores.,https://transparencia.laserena.cl/documentos/898_06-03-2013_11-25-56_O.pdf | https://transparencia.laserena.cl/ptransact.php?n=104 | https://www.laserena.cl/dideco/,"Contrastar Subsidio de Pasajes La Serena con el apartado del programa de Municipalidad de La Serena; documentar correspondencia de nivel, destinatarios y tipo de apoyo antes de corregir cifras."
00f59b834069f459dac589b6fc8bdd7c4fb6b0ac0a0851ab4b99f4bc976f0f9a,Beca PAES y Educación Superior Lebu 2026,Municipalidad de Lebu,REQUIERE_ACLARACION,"El PDF completo ya se recuperó y leyó. Página 48: Beca Efectivo de Lebu, con referencia expresa a 2025; aporte durante diez meses sujeto a presupuesto. Egreso de establecimiento municipal; ingreso per cápita máximo 180.000 CLP; nota 5,0 para nuevos y 4,5 para superiores, sin dos o más asignaturas reprobadas. No respalda una beca PAES de pago único 2026. Página 47 corresponde a otra modalidad de residencia 2024: 80.000 mensuales por diez meses. Falta identificar el incentivo PAES, no recuperar otra vez este PDF.",https://direcciones.ucsc.cl/content/uploads/sites/35/2026/01/Becas-Municipales-2026.pdf | https://lebu.cl/ | https://direcciones.ucsc.cl/content/uploads/sites/35/2024/12/Becas-Municipales.pdf,"Contrastar Beca PAES y Educación Superior Lebu 2026 con el apartado del programa de Municipalidad de Lebu; documentar correspondencia de nivel, destinatarios y tipo de apoyo antes de corregir cifras."
659599e5d6b312ea6c845ba9ce3e51441d5bf39887b404f07c3d2396df4e15d0,Beca Municipal Educación Superior Llay Llay,Municipalidad de Llay Llay,REQUIERE_ACLARACION,No se obtuvo ficha específica de Llay Llay. Un documento de transporte de Tiltil que menciona destinos Llay Llay no acredita una beca propia de esta comuna.,https://www.munillay.cl/,Localizar las bases o ficha específica de Beca Municipal Educación Superior Llay Llay en Municipalidad de Llay Llay; contrastar el beneficio y los destinatarios frente a la carencia individual descrita en el antecedente.
110abad952a6979326ffe1fe52a0ce8555f5d3020caab03b56c094ad4bf617c8,Beca Municipal de Educación Superior Lo Espejo,Municipalidad de Lo Espejo,REQUIERE_ACLARACION,El departamento social menciona postulación a becas de educación superior; no acredita un aporte propio municipal ni sus reglas.,https://www.loespejo.cl/departamento-de-desarrollo-social/ | https://www.uahurtado.cl/wp-images/uploads/2022/03/BENEFICIOS-ESTUDIANTILES-ADMISION-2022.pdf | https://loespejo.cl/,Localizar las bases o ficha específica de Beca Municipal de Educación Superior Lo Espejo en Municipalidad de Lo Espejo; contrastar el beneficio y los destinatarios frente a la carencia individual descrita en el antecedente.
5b2d79384e9951cbd6186815af578ecd7cc208c75becb98098212fa496dedfeb,Beca Municipal para Estudiantes de Educación Superior Los Vilos,Municipalidad de Los Vilos,REQUIERE_ACLARACION,La transferencia 25727 corresponde a Residencia Familiar Estudiantil de marzo de 2005. No acredita el aporte de libre disposición del original.,https://registros19862.gob.cl/transferencia/25727 | https://www.losvilos.cl/,"Contrastar Beca Municipal para Estudiantes de Educación Superior Los Vilos con el apartado del programa de Municipalidad de Los Vilos; documentar correspondencia de nivel, destinatarios y tipo de apoyo antes de corregir cifras."
77e791153f86a28a6e03f161d07e5a56385189d69ee93da6b4247b1f4d674b4d,Beca Municipal para Estudiantes de Educación Superior Lota,Municipalidad de Lota,REQUIERE_ACLARACION,"Página 78: Beca de Pasajes Educación Superior Lota; 100.000 CLP en un cheque y 100 cupos; regular, RSH y promedio anterior 5,5. Estudios fuera de Lota salvo residentes de Colcura/Chivilingo. La referencia a lunes 1 y viernes 12 de abril corresponde al calendario histórico, no certifica 2026. El original debe distinguir pasajes del supuesto aporte general; no conservar RSH 60% ni NEM 5,0 como confirmados.",https://lota.cl/2026/04/ | https://direcciones.ucsc.cl/content/uploads/sites/35/2024/12/Becas-Municipales.pdf | https://lota.cl/,"Contrastar Beca Municipal para Estudiantes de Educación Superior Lota con el apartado del programa de Municipalidad de Lota; documentar correspondencia de nivel, destinatarios y tipo de apoyo antes de corregir cifras."
c23f9a26df1f5c65e25b477365c0556848bca3453f8fde442390638e729bdb9e,Beca Municipal Educación Superior Mafil,Municipalidad de Mafil,REQUIERE_ACLARACION,El enlace de bases deportivas devuelve 404. Las modalidades deportiva y estudiantil no se pueden equiparar por el nombre del municipio.,https://www.munimafil.cl/wp-content/uploads/2026/01/Becas-Deportivas-2026.pdf | https://munimafil.cl/,"Contrastar Beca Municipal Educación Superior Mafil con el apartado del programa de Municipalidad de Mafil; documentar correspondencia de nivel, destinatarios y tipo de apoyo antes de corregir cifras."
f2c8125ad91266de64f3916c120773b4e44f46191cd1b2d514c956df5c2ffae5,Beca Municipal Estudiantil Maria Pinto,Municipalidad de Maria Pinto,REQUIERE_ACLARACION,FONDEVE exige personalidad jurídica y directorio de una organización; no corresponde a apoyo individual de estudiante superior.,https://www.mpinto.cl/formularios-fondeve/ | https://www.mpinto.cl/,Localizar las bases o ficha específica de Beca Municipal Estudiantil Maria Pinto en Municipalidad de Maria Pinto; contrastar el beneficio y los destinatarios frente a la carencia individual descrita en el antecedente.
10ff76533448d99eb23690b3de215c3d6181697366b60cd129e2ffc98b70b2f2,Beca Municipal Educación Superior Mejillones,Municipalidad de Mejillones,REQUIERE_ACLARACION,La página DIDECO describe subsidios y programas sociales generales; no establece beneficio ni elegibilidad de esta beca superior.,https://www.mejillones.cl/departamento-de-desarrollo-comunitario/ | https://www.mejillones.cl/,Localizar las bases o ficha específica de Beca Municipal Educación Superior Mejillones en Municipalidad de Mejillones; contrastar el beneficio y los destinatarios frente a la carencia individual descrita en el antecedente.
18b9ad971e54340ff364e4ad816c4e9b99e30975d002a97c3f2849333c7092c9,Beca Municipal de Apoyo a la Educación Superior Panquehue,Municipalidad de Panquehue,REQUIERE_ACLARACION,La noticia secundaria Panquehue 2024 menciona un aporte único para 20 ingresantes. Falta ficha municipal específica con las condiciones; no es confirmación oficial.,https://www.impanquehue.cl/?page_id=89 | https://www.panquehue.cl/,Localizar las bases o ficha específica de Beca Municipal de Apoyo a la Educación Superior Panquehue en Municipalidad de Panquehue; contrastar el beneficio y los destinatarios frente a la carencia individual descrita en el antecedente.
52f8af30f4a3f7b65fa2426b0a4c01d4d19f27274fa46ffd70efd4523cf3bcf4,Beca Municipal de Educación Superior Paredones,Municipalidad de Paredones,REQUIERE_ACLARACION,El índice de prensa cita postulación Paredones 2020; no es fuente oficial y no acredita las reglas del aporte original.,https://www.lavozdelaregion.cl/index.php/educacion | https://muparedones.cl/,Localizar las bases o ficha específica de Beca Municipal de Educación Superior Paredones en Municipalidad de Paredones; contrastar el beneficio y los destinatarios frente a la carencia individual descrita en el antecedente.
f3950ceac885049cfcac7eeb41284cb0f7652fa8444e7485caa128aa92a189d1,Beca Municipal para Estudiantes de Educación Superior Penaflor,Municipalidad de Penaflor,REQUIERE_ACLARACION,"Departamento Social orienta BPR, Indígena y FUAS; no identifica beca municipal propia de Peñaflor.",https://penaflor.cl/departamento-social/ | https://penaflor.cl/tramites/ | https://www.uahurtado.cl/wp-images/uploads/2022/03/BENEFICIOS-ESTUDIANTILES-ADMISION-2022.pdf | https://penaflor.cl/,Localizar las bases o ficha específica de Beca Municipal para Estudiantes de Educación Superior Penaflor en Municipalidad de Penaflor; contrastar el beneficio y los destinatarios frente a la carencia individual descrita en el antecedente.
3e8cd9c8cbf5ccf2d1ff61f34213f00dbdb478428ee2e6b7f9220af053ba6d2b,Beca de Educación Superior Municipalidad de Penaflor,Municipalidad de Penaflor,REQUIERE_ACLARACION,La misma página municipal describe orientación a beneficios estatales; no acredita esta candidata ni resuelve su relación con la otra variante Peñaflor.,https://penaflor.cl/departamento-social/ | https://penaflor.cl/tramites/ | https://www.uahurtado.cl/wp-images/uploads/2022/03/BENEFICIOS-ESTUDIANTILES-ADMISION-2022.pdf | https://penaflor.cl/,Localizar las bases o ficha específica de Beca de Educación Superior Municipalidad de Penaflor en Municipalidad de Penaflor; contrastar el beneficio y los destinatarios frente a la carencia individual descrita en el antecedente.
c771d5766f936a13d34cf61fbe11fe17f43c7dc615944a6cebd3233f3601518a,Beca Municipal Educación Superior Pencahue,Municipalidad de Pencahue,REQUIERE_ACLARACION,PLADECO Pencahue devuelve 403; falta contenido específico legible. No descartar por bloqueo de acceso.,https://www.mpencahue.cl/transparencia/TA-2019/PLADECO/PLADECO-19-26.pdf | https://www.mpencahue.cl/,"Contrastar Beca Municipal Educación Superior Pencahue con el apartado del programa de Municipalidad de Pencahue; documentar correspondencia de nivel, destinatarios y tipo de apoyo antes de corregir cifras."
134c809033fadcecdb8aff678997abb675ac809e8107ce87aee3b3937ce65452,Beca Municipal Educación Superior Aysen,Municipalidad de Puerto Aysen,REQUIERE_ACLARACION,Beca Aysén estatal es distinta del supuesto programa municipal; no atribuir sus reglas a la candidata de Municipalidad de Aysén.,https://puertoaysen.cl/,"Contrastar Beca Municipal Educación Superior Aysen con el apartado del programa de Municipalidad de Puerto Aysen; documentar correspondencia de nivel, destinatarios y tipo de apoyo antes de corregir cifras."
ba64f69ca2f4923b0cc3eeaab9e3b32f62b3d1640a4d98961cc106164d9c7212,Beca Municipal Educación Superior,Municipalidad de Puerto Montt,REQUIERE_ACLARACION,La noticia municipal identifica Hijos e Hijas de la Pesca Artesanal e Incentivo PAES para egresados municipales. No acredita una ayuda general sin esas modalidades.,https://www.puertomontt.cl/hasta-el-27-de-marzo-se-amplia-el-plazo-para-postular-a-beneficios-para-estudiantes-de-la-educacion-superior-egresados-de-la-educacion-municipal/ | https://www.puertomontt.cl/puerto-montt-lanza-la-primera-beca-deportiva-municipal/ | https://www.puertomontt.cl/,"Contrastar Beca Municipal Educación Superior con el apartado del programa de Municipalidad de Puerto Montt; documentar correspondencia de nivel, destinatarios y tipo de apoyo antes de corregir cifras."
8e06647a5b0809fa08e8825421fa64cc8f63723877eafde0470f1cef87df1216,Beca Municipal Educación Superior Puerto Montt,Municipalidad de Puerto Montt,REQUIERE_ACLARACION,Los dos incentivos de Puerto Montt tienen destinatarios propios. No se puede sustituir por ellos la beca genérica ni declarar duplicidad sin correspondencia.,https://www.puertomontt.cl/hasta-el-27-de-marzo-se-amplia-el-plazo-para-postular-a-beneficios-para-estudiantes-de-la-educacion-superior-egresados-de-la-educacion-municipal/ | https://www.puertomontt.cl/puerto-montt-lanza-la-primera-beca-deportiva-municipal/ | https://www.puertomontt.cl/,Localizar las bases o ficha específica de Beca Municipal Educación Superior Puerto Montt en Municipalidad de Puerto Montt; contrastar el beneficio y los destinatarios frente a la carencia individual descrita en el antecedente.
5840f712df04ee639d64d6b629fe7499810848e5a3426a01a50f5ad29f45e1a9,Beca Municipal y Beca Mérito Deportivo,Municipalidad de Punitaqui,REQUIERE_ACLARACION,"La descripción original identifica expresamente Mérito Deportivo. La ficha municipal 2026 acredita hasta 5 UTM anuales para gastos deportivos, residencia permanente y evaluación social. Corrige la restricción original a carreras técnicas/superiores: la beca no exige ese nivel y prohíbe financiar matrícula o arancel. El encabezado compuesto no acredita otra beca general.",https://www.munipunitaqui.cl/noticias/beca-al-merito-deportivo-2026/ | https://www.munipunitaqui.cl/,Localizar las bases o ficha específica de Beca Municipal y Beca Mérito Deportivo en Municipalidad de Punitaqui; contrastar el beneficio y los destinatarios frente a la carencia individual descrita en el antecedente.
dad3b6b78a519cd5ea718531a74e92716d4d2e427efed74552c171783c10b959,Beca Municipal para Educación Superior Punta Arenas,Municipalidad de Punta Arenas,REQUIERE_ACLARACION,La cuenta pública 2019 menciona procedimientos JUNAEB. Falta ficha del aporte municipal propio de Punta Arenas con beneficio y elegibilidad.,https://www.puntaarenas.cl/archivos/Cuentas_Publicas/CUENTA_PUBLICA_2019.pdf | https://www.puntaarenas.cl/dideco,Localizar las bases o ficha específica de Beca Municipal para Educación Superior Punta Arenas en Municipalidad de Punta Arenas; contrastar el beneficio y los destinatarios frente a la carencia individual descrita en el antecedente.
3e4673bc545382427a6ceab712fb1c04ad62322d3f7be60b28fab21f51f48367,Beca Municipal Estudiantil Putre (Educación Superior),Municipalidad de Putre,REQUIERE_ACLARACION,La cuenta pública Putre 2019 describe gestión y subvenciones; falta identificar las bases del beneficio estudiantil original.,https://imputre.cl/wp-content/uploads/2020/04/LIBRO-CUENTA-PUBLICA-2019-FINAL.pdf | https://www.imputre.cl/,Localizar las bases o ficha específica de Beca Municipal Estudiantil Putre (Educación Superior) en Municipalidad de Putre; contrastar el beneficio y los destinatarios frente a la carencia individual descrita en el antecedente.
9128e1de1498d39f011b4d87625c566b6fdcca045e04ae41361a03fa18ab2ae8,Beca Municipal Educación Superior Quinchao,Municipalidad de Quinchao,REQUIERE_ACLARACION,Un promedio obtenido dividiendo gasto total por beneficiarios no es un monto individual oficial. Falta ficha específica con condiciones de Quinchao.,https://www.municipalidadquinchao.cl/,Localizar las bases o ficha específica de Beca Municipal Educación Superior Quinchao en Municipalidad de Quinchao; contrastar el beneficio y los destinatarios frente a la carencia individual descrita en el antecedente.
7e5103fb180e69c6b629ad32592c8527b6b854c0d0f7b912cace02c4818b544e,Beca Municipal Estudiantil Rauco,Municipalidad de Rauco,REQUIERE_ACLARACION,La cuenta pública Rauco 2024 devuelve 403. El fallo de acceso no ratifica exclusión ni confirma el importe original.,https://www.munirauco.cl/sitio/wp-content/uploads/2025/04/INFORME-CTA.-PUB.-2024.pdf | https://www.munirauco.cl/,"Contrastar Beca Municipal Estudiantil Rauco con el apartado del programa de Municipalidad de Rauco; documentar correspondencia de nivel, destinatarios y tipo de apoyo antes de corregir cifras."
b33db90fdf464549fc5c8f225a8bf642774711f5660eb30125ca60ea07359022,Beca Municipal para Estudios Superiores Retiro,Municipalidad de Retiro,REQUIERE_ACLARACION,El índice de noticias Retiro no contiene ficha específica de esta ayuda de estudios superiores.,https://retiro.cl/noticias2/ | https://www.muniretiro.cl/,Localizar las bases o ficha específica de Beca Municipal para Estudios Superiores Retiro en Municipalidad de Retiro; contrastar el beneficio y los destinatarios frente a la carencia individual descrita en el antecedente.
8630387a7f9cec25198a7c736bd5039038b22360da3437993b45b042ab224eb1,Beca de Educación Superior Rio Claro,Municipalidad de Rio Claro,REQUIERE_ACLARACION,"No se obtuvo fuente específica de Río Claro. Las becas de Río Negro, Río Hurtado y Río Verde pertenecen a otras municipalidades.",https://www.munirioclaro.cl/,"Contrastar Beca de Educación Superior Rio Claro con el apartado del programa de Municipalidad de Rio Claro; documentar correspondencia de nivel, destinatarios y tipo de apoyo antes de corregir cifras."
5ab3468f5021776c0496de2182244397e57fac292bee1f1a081a92dcc9dabd1b,Beca Municipal de Educación Superior Romeral,Municipalidad de Romeral,REQUIERE_ACLARACION,El índice de actas Romeral lista sesiones 2024–2026; no es el acuerdo o reglamento que acredita el beneficio.,https://muniromeral.cl/romeral/?page_id=9336 | https://www.romeral.cl/,"Contrastar Beca Municipal de Educación Superior Romeral con el apartado del programa de Municipalidad de Romeral; documentar correspondencia de nivel, destinatarios y tipo de apoyo antes de corregir cifras."
4a5de12a7ae56ae7b9bf5d12e00979bbec8894b72835c38cafbb24d508a8b8d6,Beca Municipal de Educación Superior Salamanca,Municipalidad de Salamanca,REQUIERE_ACLARACION,Asuntos Estudiantiles Salamanca identifica devolución de matrícula para superiores no beneficiarios Cares y alojamiento Cares. No acredita mantención anual general del original.,https://salamanca.cl/direccion-de-asuntos-estudiantiles/ | https://www.salamanca.cl/,"Contrastar Beca Municipal de Educación Superior Salamanca con el apartado del programa de Municipalidad de Salamanca; documentar correspondencia de nivel, destinatarios y tipo de apoyo antes de corregir cifras."
1e8969f1902fd0d2d7581a12d2f58769b41d39c99bc4f2870b8aca9b982d7fbc,Beca Municipal de Educación Superior San Miguel,Municipalidad de San Miguel,REQUIERE_ACLARACION,El índice municipal de educación no contiene una ficha del aporte superior propio de San Miguel.,https://web.sanmiguel.cl/category/educacion/ | https://web.sanmiguel.cl/category/ninos/ | https://www.uahurtado.cl/wp-images/uploads/2022/03/BENEFICIOS-ESTUDIANTILES-ADMISION-2022.pdf | https://www.sanmiguel.cl/,"Contrastar Beca Municipal de Educación Superior San Miguel con el apartado del programa de Municipalidad de San Miguel; documentar correspondencia de nivel, destinatarios y tipo de apoyo antes de corregir cifras."
ecec85e3fcec3c2300080131f2fe657701ff13bc3db3968e55a151adfd69eedc,Beca Municipal de Educación Superior San Pedro de la Paz,Municipalidad de San Pedro de la Paz,REQUIERE_ACLARACION,"El enlace es una interfaz administrativa de carga de archivos, no una ficha pública del beneficio de San Pedro de la Paz.",https://www.transparencia.sanpedrodelapaz.cl/admin/programas.php | https://direcciones.ucsc.cl/content/uploads/sites/35/2024/12/Becas-Municipales.pdf | https://sanpedrodelapaz.cl/,Localizar las bases o ficha específica de Beca Municipal de Educación Superior San Pedro de la Paz en Municipalidad de San Pedro de la Paz; contrastar el beneficio y los destinatarios frente a la carencia individual descrita en el antecedente.
a8bc761f5e12dded29acfc7726e505e53b36717038b3335bda0a02f8bf7e6e3e,Beca de Educación Superior Santa Barbara,Municipalidad de Santa Barbara,REQUIERE_ACLARACION,Transparencia enumera subsidios generales. El catastro UdeC 2024 describe alojamiento con copago en otras ciudades; no acredita aporte anual de dinero de Santa Bárbara.,https://transparencia.santabarbara.cl/index.php?a=2019&action=plantillas_generar_plantilla&ia=3264&ig=237&m=3 | https://cade.udec.cl/wp-content/uploads/2024/10/Catastro-Beneficios-Municipales-2.pdf | https://www.santabarbara.cl/,Localizar las bases o ficha específica de Beca de Educación Superior Santa Barbara en Municipalidad de Santa Barbara; contrastar el beneficio y los destinatarios frente a la carencia individual descrita en el antecedente.
99de0a46cc9f5c789ec328b01648ec4c462293edd80439b9af8954df5d80c1c5,Beca Municipal de Educación Superior,Municipalidad de Santa Juana,REQUIERE_ACLARACION,"Páginas 73–76 separan cuatro programas Santa Juana. Devolución de matrícula: primer ingreso superior, residencia mínima de dos años y RSH; cuantía según matrícula y selección. Transporte vespertino es servicio; pasajes es aporte mensual; hogar es alojamiento gratuito. Ninguno de esos apartados acredita el pago general de 150.000 CLP, 400 cupos y presupuesto de 60 millones del original. Debe identificarse si la candidata describía devolución de matrícula; no mezclar los cuatro programas.",https://biobio.mineduc.cl/2026/08/05/estudiantes-de-santa-juana-reciben-computadores-del-programa-becas-tic-de-junaeb/ | https://cade.udec.cl/wp-content/uploads/2024/10/Catastro-Beneficios-Municipales-2.pdf | https://santajuana.cl/ | https://direcciones.ucsc.cl/content/uploads/sites/35/2024/12/Becas-Municipales.pdf,Localizar las bases o ficha específica de Beca Municipal de Educación Superior en Municipalidad de Santa Juana; contrastar el beneficio y los destinatarios frente a la carencia individual descrita en el antecedente.
f84e049175177d690886a6c79b0793844cec14b0d7eefabfa23b34c6b22f44fc,Beca de Transporte Escolar Superior Santiago,Municipalidad de Santiago,REQUIERE_ACLARACION,La página Santiago describe Beca de Estudios y condiciones académicas por duración de carrera. No identifica subsidio mensual exclusivo de transporte del original.,https://www.munistgo.cl/beca-de-estudios/ | https://www.munistgo.cl/fondos-y-becas/ | https://www.munistgo.cl/becas-y-fondos/,"Contrastar Beca de Transporte Escolar Superior Santiago con el apartado del programa de Municipalidad de Santiago; documentar correspondencia de nivel, destinatarios y tipo de apoyo antes de corregir cifras."
432bc766ba02a9ecf7043053e5814f4b8f35b635ef17c242820016a24f5bb399,Beca Municipal para Estudios Superiores Talcahuano,Municipalidad de Talcahuano,REQUIERE_ACLARACION,El enlace Talcahuano no se recuperó por certificado TLS. El catastro describe un programa de patrocinio con otros destinatarios; no atribuirlo al aporte genérico.,https://www.talcahuano.cl/centro-de-servicios/apoyo-social/subsidios-y-beneficios | https://cade.udec.cl/wp-content/uploads/2024/10/Catastro-Beneficios-Municipales-2.pdf | https://direcciones.ucsc.cl/content/uploads/sites/35/2024/12/Becas-Municipales.pdf | https://www.talcahuano.cl/,"Contrastar Beca Municipal para Estudios Superiores Talcahuano con el apartado del programa de Municipalidad de Talcahuano; documentar correspondencia de nivel, destinatarios y tipo de apoyo antes de corregir cifras."
06b82c37a5226bd77f19eade94f49903073e6b494caf7dbeecb57fc89982a488,Beca Municipal Enseñanza Superior Tierra Amarilla,Municipalidad de Tierra Amarilla,REQUIERE_ACLARACION,No se obtuvo ficha específica de Tierra Amarilla que acredite los 300.000 pesos y condiciones del aporte superior.,https://www.tierraamarilla.cl/,Localizar las bases o ficha específica de Beca Municipal Enseñanza Superior Tierra Amarilla en Municipalidad de Tierra Amarilla; contrastar el beneficio y los destinatarios frente a la carencia individual descrita en el antecedente.
f6544cfccaf444bc6d458753b2c10ab81419fde7073b2a24f83946322b228392,Beca Municipal de Educación Superior Timaukel,Municipalidad de Timaukel,REQUIERE_ACLARACION,La página es del municipio de Porvenir y describe computadores JUNAEB también entregados en Timaukel; no acredita beca municipal propia de Timaukel.,https://www.muniporvenir.cl/2024/07/ | https://www.municipalidadtimaukel.cl/,"Contrastar Beca Municipal de Educación Superior Timaukel con el apartado del programa de Municipalidad de Timaukel; documentar correspondencia de nivel, destinatarios y tipo de apoyo antes de corregir cifras."
a69f0f20b7c4cba05bdc50c486cb245a3f854a9a24c5e692f793aeda64b9083d,Beca Municipal de Educación Superior Tocopilla,Municipalidad de Tocopilla,REQUIERE_ACLARACION,DIDECO Tocopilla reconoce que entrega beneficios económicos mediante Beca Municipal. Confirma existencia general; faltan destinatarios y requisitos de la modalidad superior.,https://imtocopilla.cl/direccion-de-desarrollo-comunitario/ | https://www.imtocopilla.cl/,Localizar las bases o ficha específica de Beca Municipal de Educación Superior Tocopilla en Municipalidad de Tocopilla; contrastar el beneficio y los destinatarios frente a la carencia individual descrita en el antecedente.
93aef50ce30d3e104174ab6bd53045b8892722b7f3c4d506dbf1e2d46a45e2c8,Beca Municipal Educación Superior Tolten,Municipalidad de Tolten,REQUIERE_ACLARACION,No se obtuvo ficha del beneficio propio de Toltén. Residencia Familiar JUNAEB y becas de comunas vecinas no prueban esta candidata.,https://munitolten.cl/,"Contrastar Beca Municipal Educación Superior Tolten con el apartado del programa de Municipalidad de Tolten; documentar correspondencia de nivel, destinatarios y tipo de apoyo antes de corregir cifras."
dbcdf820447cc2d3a206a3db3a4943a999a500d92860f58843dd045b194c6e18,Beca Municipal para Estudiantes de Educación Superior,Municipalidad de Valdivia,REQUIERE_ACLARACION,La publicación Valdivia marzo 2026 describe un preuniversitario para terceros/cuartos medios y egresados desde 2023. No acredita dinero para estudiantes superiores.,https://munivaldivia.cl/2026/03/25/llaman-a-postular-al-preuniversitario-municipal-en-valdivia-clases-parten-en-abril/ | https://www.munivaldivia.cl/,"Contrastar Beca Municipal para Estudiantes de Educación Superior con el apartado del programa de Municipalidad de Valdivia; documentar correspondencia de nivel, destinatarios y tipo de apoyo antes de corregir cifras."
35f9a8955aef575df868a6d378cbd6bc7ba653a0bdd2a242aedfc9d46fe5b313,Beca Municipal para Estudiantes de Educación Superior Valdivia,Municipalidad de Valdivia,REQUIERE_ACLARACION,Preuniversitario Municipal Valdivia no corresponde al aporte económico original. No equiparar estas modalidades.,https://munivaldivia.cl/2026/03/25/llaman-a-postular-al-preuniversitario-municipal-en-valdivia-clases-parten-en-abril/ | https://www.munivaldivia.cl/,"Contrastar Beca Municipal para Estudiantes de Educación Superior Valdivia con el apartado del programa de Municipalidad de Valdivia; documentar correspondencia de nivel, destinatarios y tipo de apoyo antes de corregir cifras."
5c2cf6dda66f201f1755ba293ff38adf6a858dca012b111cc4184753ae34dc3d,Beca Municipal Educación Superior Valparaíso,Municipalidad de Valparaíso,REQUIERE_ACLARACION,La ficha Valparaíso no se recuperó por tiempo de espera; falta lectura del apartado del programa propio superior.,https://municipalidaddevalparaiso.cl/becas/ | https://www.municipalidaddevalparaiso.cl/,Localizar las bases o ficha específica de Beca Municipal Educación Superior Valparaíso en Municipalidad de Valparaíso; contrastar el beneficio y los destinatarios frente a la carencia individual descrita en el antecedente.
aa013b0146553e7b0e067b6f4679bc116ca2adb1d0236724a07e06c2632f743c,Beca Municipalidad de Valparaíso DIDECO,Municipalidad de Valparaíso,REQUIERE_ACLARACION,El enlace compartido Valparaíso no se recuperó. No declarar duplicidad entre las variantes por compartir URL.,https://municipalidaddevalparaiso.cl/becas/ | https://www.municipalidaddevalparaiso.cl/dideco/,Localizar las bases o ficha específica de Beca Municipalidad de Valparaíso DIDECO en Municipalidad de Valparaíso; contrastar el beneficio y los destinatarios frente a la carencia individual descrita en el antecedente.
80328011768c2c041309c054119de2d6507bff94e8c44f7e3936689fcb085068,Beca de Transporte Valparaíso,Municipalidad de Valparaíso,REQUIERE_ACLARACION,El enlace Valparaíso no se recuperó. No trasladar una regla de beca general a transporte sin apartado específico.,https://municipalidaddevalparaiso.cl/becas/ | https://www.municipalidaddevalparaiso.cl/dideco/,"Contrastar Beca de Transporte Valparaíso con el apartado del programa de Municipalidad de Valparaíso; documentar correspondencia de nivel, destinatarios y tipo de apoyo antes de corregir cifras."
c21da95a1b806b83d898e0790f1ad6a8d7dfada981df871e2604864ba98fb715,Beca Municipal Educación Superior Villa Alemana,Municipalidad de Villa Alemana,REQUIERE_ACLARACION,La sección Villa Alemana enumera talento deportivo y computadores JUNAEB; no acredita aporte municipal general de educación superior.,https://www.villalemana.cl/secciones/educacion/ | https://villalemana.cl/2024/11/con-un-historico-aumento-de-casi-mil-millones-en-salud-concejo-municipal-de-villa-alemana-aprueba-presupuesto-2025/ | https://www.villalemana.cl/,Localizar las bases o ficha específica de Beca Municipal Educación Superior Villa Alemana en Municipalidad de Villa Alemana; contrastar el beneficio y los destinatarios frente a la carencia individual descrita en el antecedente.
cddf9c877f17413c534f34ec36c7c28be662cfffd14ce0989d52f5dd218fdd6d,Beca Municipal de Educación Superior Viña del Mar,Municipalidad de Viña del Mar,REQUIERE_ACLARACION,La sección Desarrollo Social Viña del Mar enlaza beca deportiva; no acredita la beca general de dinero del original.,https://www.munivina.cl/desarrollo-comunitario/desarrollo-social/ | https://www.munivina.cl/desarrollo-comunitario/desarrollo-social/seccion-servicio-social/,"Contrastar Beca Municipal de Educación Superior Viña del Mar con el apartado del programa de Municipalidad de Viña del Mar; documentar correspondencia de nivel, destinatarios y tipo de apoyo antes de corregir cifras."
fff8ddd0931c4ac06f660ca2016c26455745fd05fcf0bfbd9e97dd61fdececac,Beca de Educación Superior Viña del Mar,Municipalidad de Viña del Mar,REQUIERE_ACLARACION,El apartado social de Viña del Mar no identifica el programa de esta variante; el nombre municipal compartido no resuelve duplicidad.,https://www.munivina.cl/desarrollo-comunitario/desarrollo-social/ | https://www.munivina.cl/desarrollo-comunitario/desarrollo-social/seccion-servicio-social/ | https://www.munivina.cl/,"Contrastar Beca de Educación Superior Viña del Mar con el apartado del programa de Municipalidad de Viña del Mar; documentar correspondencia de nivel, destinatarios y tipo de apoyo antes de corregir cifras."
b9853a50ac6449a5f933f87aa7c7dbcc26a735d7399bd1ea7aa1296e20584cb8,Beca de Pasajes Viña del Mar,Municipalidad de Viña del Mar,REQUIERE_ACLARACION,El apartado social Viña del Mar no describe subsidio mensual de pasajes. La noticia deportiva no acredita esa modalidad.,https://www.munivina.cl/desarrollo-comunitario/desarrollo-social/ | https://www.munivina.cl/desarrollo-comunitario/desarrollo-social/seccion-servicio-social/,"Contrastar Beca de Pasajes Viña del Mar con el apartado del programa de Municipalidad de Viña del Mar; documentar correspondencia de nivel, destinatarios y tipo de apoyo antes de corregir cifras."
c0bdc07760312c8208ca965c3160c4028bf74895cc9b9547daf49291cd2c6d36,Beca de Educación Superior Ilustre Municipalidad de Zapallar,Municipalidad de Zapallar,REQUIERE_ACLARACION,Team Zapallar 2026 premia trayectoria deportiva e incluye apoyos de rendimiento; no acredita beca general de estudios superiores del original.,https://www.munizapallar.cl/blog/becas-deportivas-team-zapallar-2026 | https://www.munizapallar.cl/,Localizar las bases o ficha específica de Beca de Educación Superior Ilustre Municipalidad de Zapallar en Municipalidad de Zapallar; contrastar el beneficio y los destinatarios frente a la carencia individual descrita en el antecedente.
eda6fbb494f175bb8f42a92153a7d68fe4ddd2890370d0ecb67f9f316fc7a9fd,Beca de Excelencia Académica,Pontificia Universidad Católica de Chile,EXCLUSION_HISTORICA_SIN_RATIFICAR,"Servicios y Beneficios Mineduc 2026 identifica Premio a la Excelencia Académica/Matrícula de Honor UC, con condiciones de puntaje máximo y posiciones. No acredita la fórmula NEM 6,0 + percentil 90 ni demuestra equivalencia con la candidata genérica.",https://arancelesybeneficios.uc.cl/,Localizar las bases o ficha específica de Beca de Excelencia Académica en Pontificia Universidad Católica de Chile; contrastar el beneficio y los destinatarios frente a la carencia individual descrita en el antecedente.
70699bc9ed88bac846b5399646c77d71c8027a40a10a5a2d46ec72db13e327f6,Beca Deportiva PUCV,Pontificia Universidad Católica de Valparaíso,EXCLUSION_HISTORICA_SIN_RATIFICAR,"La ficha PUCV describe mantención, residencia, madres/padres y fondos externos. No identifica la rebaja deportiva semestral del original.",https://www.pucv.cl/pucv/futuros-estudiantes/becas-y-beneficios | https://admision.pucv.cl/beneficios/,"Contrastar Beca Deportiva PUCV con el apartado del programa de Pontificia Universidad Católica de Valparaíso; documentar correspondencia de nivel, destinatarios y tipo de apoyo antes de corregir cifras."
7da1a73e9d802a0e0d76bf67ccd91d25879519df9f645b3d8dd4dfb402650d92,Beca Copago Santo Tomas,Santo Tomás,EXCLUSION_HISTORICA_SIN_RATIFICAR,El contenido de Tu Puedes recuperado no es texto legible. Mineduc 2026 distingue becas académicas y deportivas Santo Tomás; no demuestra beca genérica de copago con RSH 60.,https://tupuedes.cl/becas-y-beneficios/,Localizar las bases o ficha específica de Beca Copago Santo Tomas en Santo Tomás; contrastar el beneficio y los destinatarios frente a la carencia individual descrita en el antecedente.
cf5a13346643aa8078e67571c454f401da0f9bf79486ff2cd1eb543ede05b134,Beca Deportiva UAI,Universidad Adolfo Ibanez,EXCLUSION_HISTORICA_SIN_RATIFICAR,Admisión directa especial UAI acredita una vía de ingreso. No demuestra el descuento deportivo 25–50% ni que exista ayuda financiera asociada.,https://www.uai.cl/admision/como-postular/admision-directa-especial | https://admision.uai.cl/becas-y-beneficios/,Localizar las bases o ficha específica de Beca Deportiva UAI en Universidad Adolfo Ibanez; contrastar el beneficio y los destinatarios frente a la carencia individual descrita en el antecedente.
b63145bc2bc7b48135118afcb914e671ce8d350ec138979cb4939c39f172cc02,Beca Hermanos UAI,Universidad Adolfo Ibanez,EXCLUSION_HISTORICA_SIN_RATIFICAR,El catálogo UAI detalla puntajes y otras becas; no establece descuento de hermanos. No certificar 25% a partir de una página general.,https://www.uai.cl/admision/becas-y-aranceles/becas | https://admision.uai.cl/becas-y-beneficios/,"Contrastar Beca Hermanos UAI con el apartado del programa de Universidad Adolfo Ibanez; documentar correspondencia de nivel, destinatarios y tipo de apoyo antes de corregir cifras."
83d07b99691da9504f6e88798c1328e38a92c2fac793afcf88e0d3f94d6f7fc0,Beca Deporte Destacado UAI,Universidad Adolfo Ibáñez,EXCLUSION_HISTORICA_SIN_RATIFICAR,La vía de deportista destacado UAI no prueba financiamiento ni rebaja de arancel del original.,https://www.uai.cl/admision/como-postular/admision-directa-especial | https://www.uai.cl/admision/becas-y-aranceles/becas,Localizar las bases o ficha específica de Beca Deporte Destacado UAI en Universidad Adolfo Ibáñez; contrastar el beneficio y los destinatarios frente a la carencia individual descrita en el antecedente.
2eb06d5d5510162226c3140cf27af430eda6469758dea7357132fdeee5e04bbb,Beca Fomento Regional UAI,Universidad Adolfo Ibáñez,EXCLUSION_HISTORICA_SIN_RATIFICAR,UAI Mantención Regiones aporta 50 UF anuales bajo condiciones propias. No corresponde al supuesto descuento de arancel de Fomento Regional.,https://www.uai.cl/admision/becas-y-aranceles/becas | Beca Fomento Regional UAI con 20% de descuento del arancel para estudiantes con residencia familiar acreditada en regiones distintas a la Region Metropolitana. Incentiva la diversidad geografica en el campus. Documentos: certificado de residencia en region. matricula UAI. Renovable manteniendo calidad de alumno regular.,"Contrastar Beca Fomento Regional UAI con el apartado del programa de Universidad Adolfo Ibáñez; documentar correspondencia de nivel, destinatarios y tipo de apoyo antes de corregir cifras."
d31299b2e19fcc0dd645c9835dbc8e3ce844c6fc23eeaa02f26c8fe702f5f18e,Beca Hijo Funcionario UAI,Universidad Adolfo Ibáñez,EXCLUSION_HISTORICA_SIN_RATIFICAR,El catálogo de becas UAI no define beneficio para hijos de funcionarios; falta instrumento específico que permita comprobar cobertura y destinatarios.,https://www.uai.cl/admision/becas-y-aranceles/becas,Localizar las bases o ficha específica de Beca Hijo Funcionario UAI en Universidad Adolfo Ibáñez; contrastar el beneficio y los destinatarios frente a la carencia individual descrita en el antecedente.
83840acd4c10e820a4db4a0f7c1fba524b7e382ea277f8c3784874536e8b447e,Beca Vocacion Social UAH,Universidad Alberto Hurtado,EXCLUSION_HISTORICA_SIN_RATIFICAR,"El catálogo UAH distingue talentos, pedagogía y mérito deportivo; no acredita Vocación Social con descuento y voluntariado del original.",https://admision.uahurtado.cl/becas-y-beneficios/,Localizar las bases o ficha específica de Beca Vocacion Social UAH en Universidad Alberto Hurtado; contrastar el beneficio y los destinatarios frente a la carencia individual descrita en el antecedente.
7f5037292bf58c5621286521ad656c054990f6cf18515e4ff4ee028d055d10fa,Beca de Apoyo Socioeconomico UAH,Universidad Alberto Hurtado,EXCLUSION_HISTORICA_SIN_RATIFICAR,El catálogo UAH no acredita una beca propia general de 40% de arancel con RSH 60. Gratuidad y ayudas estatales no son ese programa.,https://admision.uahurtado.cl/becas-y-beneficios/,"Contrastar Beca de Apoyo Socioeconomico UAH con el apartado del programa de Universidad Alberto Hurtado; documentar correspondencia de nivel, destinatarios y tipo de apoyo antes de corregir cifras."
f0c9572600ee6cde88eba8f498d66d00ecf129ff379842ce655675431d3a63d1,Beca de Apoyo Institucional UNAP,Universidad Arturo Prat,EXCLUSION_HISTORICA_SIN_RATIFICAR,"El reglamento UNAP describe apoyo excepcional con rendimiento y vulnerabilidad, discapacidad u otras causas. Falta demostrar correspondencia con la candidata genérica y su rebaja 15–50%; no trasladar automáticamente condiciones de otro beneficio.",https://transparencia.unap.cl/activa/web/index.php?a=2026&action=plantillas_generar_archivo&ia=9310&ig=92&m=2 | https://admision.unap.cl/becas/,Localizar las bases o ficha específica de Beca de Apoyo Institucional UNAP en Universidad Arturo Prat; contrastar el beneficio y los destinatarios frente a la carencia individual descrita en el antecedente.
f88bb7b264553f2353696cfbecf1de2bb767000cc03aa82b7a3cb09251a49c0c,Beca Alumni UA,Universidad Autónoma de Chile,EXCLUSION_HISTORICA_SIN_RATIFICAR,"Lectura visual completa de nueve páginas: resolución 193/2020, reglamento de ingreso 2021. Artículo 7 distribuye apoyo por regiones, hermanos, convenios, colegios y funcionarios; artículo 9–13 regula crédito reembolsable por necesidad económica. No identifica Alumni para segunda carrera ni una rebaja genérica por RSH del 15–40%. El archivo fue alojado en 2023 pero su alcance es 2021; no trasladarlo a 2026 ni reemplazar beca por préstamo.",https://admision.uautonoma.cl/becas-y-creditos/becas-internas/ | https://www.uautonoma.cl/content/uploads/2023/07/universidad-autononoma-estudiantes-reglamento-de-becas-y-creditos.pdf,"Contrastar Beca Alumni UA con el apartado del programa de Universidad Autónoma de Chile; documentar correspondencia de nivel, destinatarios y tipo de apoyo antes de corregir cifras."
0eb2e27ef8fea6544e1097291e058a86a7d689d3150d65f40233dd356378c750,Beca Socioeconomica UA,Universidad Autónoma de Chile,EXCLUSION_HISTORICA_SIN_RATIFICAR,"Lectura visual completa de nueve páginas: resolución 193/2020, reglamento de ingreso 2021. Artículo 7 distribuye apoyo por regiones, hermanos, convenios, colegios y funcionarios; artículo 9–13 regula crédito reembolsable por necesidad económica. No identifica Alumni para segunda carrera ni una rebaja genérica por RSH del 15–40%. El archivo fue alojado en 2023 pero su alcance es 2021; no trasladarlo a 2026 ni reemplazar beca por préstamo.",https://admision.uautonoma.cl/becas-y-creditos/becas-internas/ | https://www.uautonoma.cl/content/uploads/2023/07/universidad-autononoma-estudiantes-reglamento-de-becas-y-creditos.pdf,Localizar las bases o ficha específica de Beca Socioeconomica UA en Universidad Autónoma de Chile; contrastar el beneficio y los destinatarios frente a la carencia individual descrita en el antecedente.
1f5b64abcd3fbfbdb0f07a9c4b8f3e27c33931d3c570c7cb6b9a3ccc0d48d97c,Beca Socioeconomica UBO,Universidad Bernardo O'Higgins,EXCLUSION_HISTORICA_SIN_RATIFICAR,La ficha UBO distingue convenios y ayudas propias. Falta el apartado que identifica la ayuda socioeconómica general y sus beneficiarios; no usar descuentos de convenios como equivalencia.,https://admision.ubo.cl/financiamiento/,Localizar las bases o ficha específica de Beca Socioeconomica UBO en Universidad Bernardo O'Higgins; contrastar el beneficio y los destinatarios frente a la carencia individual descrita en el antecedente.
2e9e62d5e80a0773c231c899e11a1f8a0c554377f78bff67ac2a75ac6fb0c866,Beca Excelencia Académica UCSH,Universidad Católica Silva Henriquez,EXCLUSION_HISTORICA_SIN_RATIFICAR,"Instructivo UCSH alojado en enero 2024 e identificado internamente 2023: Excelencia Complementaria rebaja 20% para beneficiarios BEA Mineduc. Contradice asignación automática de 40% por NEM 5,8; no acredita identidad de esa beca propia genérica.",https://www.ucsh.cl/assets/uploads/2024/01/Instructivos-Ayudas-Estudiantiles-ENERO-2024.pdf | https://admision.ucsh.cl/becas-y-beneficios/,Localizar las bases o ficha específica de Beca Excelencia Académica UCSH en Universidad Católica Silva Henriquez; contrastar el beneficio y los destinatarios frente a la carencia individual descrita en el antecedente.
ee4ccb1aa4a89edcfd46d1e017ee676f143f27985d44e9701a118d93e1bfdfaa,Beca Socioeconomica UCSC,Universidad Católica de la Santísima Concepción,EXCLUSION_HISTORICA_SIN_RATIFICAR,La ficha UCSC es un acceso al financiamiento; Mineduc 2026 distingue beneficios académicos y otras modalidades. No acredita socioeconómica general con RSH 60.,https://admision.ucsc.cl/becas-y-beneficios/,"Contrastar Beca Socioeconomica UCSC con el apartado del programa de Universidad Católica de la Santísima Concepción; documentar correspondencia de nivel, destinatarios y tipo de apoyo antes de corregir cifras."
805b6e58c31cda7605f9e2eb6f70c69176bed44854792ff519e2c813a97376d9,Beca Fundadores UCentral,Universidad Central de Chile,REQUIERE_ACLARACION,"El catálogo UCEN define becas U. Central, Complementaria, Deportiva, Filiación y Emergencia Social. No identifica Fundadores con los requisitos originales.",https://admision.ucentral.cl/becas-y-financiamiento/becas-ucen-aplicables-desde-primer-ano/ | https://www.ucentral.cl/admision/becas-y-beneficios,Localizar las bases o ficha específica de Beca Fundadores UCentral en Universidad Central de Chile; contrastar el beneficio y los destinatarios frente a la carencia individual descrita en el antecedente.
58c8bafe48f523b309998df46b2dba7d9aaec8ef91525886a73a5af0f4a152a7,Beca Deportiva UMayor,Universidad Mayor,EXCLUSION_HISTORICA_SIN_RATIFICAR,"Reglamento 2026: artículo 9 enumera modalidades; “Espíritu Emprendedor” es el nombre del sistema, no una beca individual del 20%. Artículos 108–109 mencionan seleccionados deportivos dentro de un crédito interno de hasta 150 UF: préstamo y deuda, no rebaja deportiva semestral del 25%. Se leyó el catálogo y el apartado pertinente; falta una cláusula específica del beneficio que afirma esta candidata.",https://www.admisionmayor.cl/becas-y-creditos | https://www.umayor.cl/um/bundles/umayor/descargables/um/Reglamento-Sistema-de-Apoyo-y-Becas-2026.pdf,Localizar las bases o ficha específica de Beca Deportiva UMayor en Universidad Mayor; contrastar el beneficio y los destinatarios frente a la carencia individual descrita en el antecedente.
28419e40546a00015949dfd6c4a3a002aa17bac9befd30109cde13d7ecd87019,Beca Talento Emprendedor UMayor,Universidad Mayor,EXCLUSION_HISTORICA_SIN_RATIFICAR,"Reglamento 2026: artículo 9 enumera modalidades; “Espíritu Emprendedor” es el nombre del sistema, no una beca individual del 20%. Artículos 108–109 mencionan seleccionados deportivos dentro de un crédito interno de hasta 150 UF: préstamo y deuda, no rebaja deportiva semestral del 25%. Se leyó el catálogo y el apartado pertinente; falta una cláusula específica del beneficio que afirma esta candidata.",https://www.admisionmayor.cl/becas-y-creditos | https://www.umayor.cl/um/bundles/umayor/descargables/um/Reglamento-Sistema-de-Apoyo-y-Becas-2026.pdf,Localizar las bases o ficha específica de Beca Talento Emprendedor UMayor en Universidad Mayor; contrastar el beneficio y los destinatarios frente a la carencia individual descrita en el antecedente.
cfb90f338bf474a6fd91fba28d38420f6cc7ae5a338cf3383d0ff54b6e0c7598,Beca de Arancel UdeC,Universidad de Concepción,EXCLUSION_HISTORICA_SIN_RATIFICAR,"UdeC diferencia becas por carrera, mérito y apoyos de alimentación. No demuestra beca general de arancel 50–100% por situación social.",https://admision.udec.cl/beneficios/ | https://admision.udec.cl/becas-y-beneficios/,Localizar las bases o ficha específica de Beca de Arancel UdeC en Universidad de Concepción; contrastar el beneficio y los destinatarios frente a la carencia individual descrita en el antecedente.
8be893cd6d836b64c8865febc653653af6cb1fed5a4a7180a542d316dc5a9967,Beca Deportiva UFRO,Universidad de La Frontera,REQUIERE_ACLARACION,El documento Mineduc describe varios programas universitarios. El apartado UFRO no acredita la ayuda deportiva de la candidata; no utilizar texto de otra universidad del PDF.,https://acceso.mineduc.cl/wp-content/uploads/2024/11/Servicios-2025_19_11_24_compressed.pdf | https://admision.ufro.cl/becas-y-beneficios/,Localizar las bases o ficha específica de Beca Deportiva UFRO en Universidad de La Frontera; contrastar el beneficio y los destinatarios frente a la carencia individual descrita en el antecedente.
d5f97ce59d9fba8b7820cfa630c6cc9e8c257564e04394118a9bd49d43dae997,Beca de Apoyo Socioeconomico UFRO,Universidad de La Frontera,REQUIERE_ACLARACION,La ficha de mantención UFRO describe beneficios JUNAEB; no identifica beca propia general mensual de apoyo socioeconómico.,https://acceso.mineduc.cl/wp-content/uploads/2024/11/Servicios-2025_19_11_24_compressed.pdf | https://admision.ufro.cl/becas-y-beneficios/,Localizar las bases o ficha específica de Beca de Apoyo Socioeconomico UFRO en Universidad de La Frontera; contrastar el beneficio y los destinatarios frente a la carencia individual descrita en el antecedente.
eca3a961c94b847ef1e8f6c0c119a377bd1f91968ba7ab68d0a3f2808d318677,Beca Excelencia Académica UMAG,Universidad de Magallanes,REQUIERE_ACLARACION,UMAG distingue puntajes altos y distinción de trayectorias. No acredita la beca genérica de excelencia del original sin correspondencia de modalidad.,https://admision.umag.cl/becas/ | https://admision.umag.cl/?page_id=4099 | https://acceso.mineduc.cl/wp-content/uploads/2025/11/SERV-Y-BENEF-2026-181125.pdf | https://admision.umag.cl/?page_id=678,"Contrastar Beca Excelencia Académica UMAG con el apartado del programa de Universidad de Magallanes; documentar correspondencia de nivel, destinatarios y tipo de apoyo antes de corregir cifras."
ec336267e6863dc06ee5e692b4fba940673ba7c826abf8eb150a800d87e0940c,Beca de Mantención UMAG,Universidad de Magallanes,REQUIERE_ACLARACION,UMAG distingue alimentación con copago y alojamiento monetario. No acredita una ayuda general de mantención para todos los gastos.,https://admision.umag.cl/becas/ | https://acceso.mineduc.cl/wp-content/uploads/2025/11/SERV-Y-BENEF-2026-181125.pdf | https://admision.umag.cl/?page_id=678,"Contrastar Beca de Mantención UMAG con el apartado del programa de Universidad de Magallanes; documentar correspondencia de nivel, destinatarios y tipo de apoyo antes de corregir cifras."
329107086a1ae9bdd602e66bcc8067941be5b9d5aef977702c312e2e1a7eaccd,Beca de Residencia UPLA,Universidad de Playa Ancha,EXCLUSION_HISTORICA_SIN_RATIFICAR,"Beneficios UPLA describe préstamos para dificultades de alojamiento, sujetos a evaluación y reintegro. No acredita una beca propia de residencia; BRI JUNAEB es otra modalidad.",https://www.upla.cl/desarrolloestudiantil/beneficios-estudiantiles-upla/ | https://www.upla.cl/admision/becas-y-beneficios/,"Contrastar Beca de Residencia UPLA con el apartado del programa de Universidad de Playa Ancha; documentar correspondencia de nivel, destinatarios y tipo de apoyo antes de corregir cifras."
b1a2df581f33a23e380d1c9ff533c236b0a037797f6b65b26fe1011f13ab47ff,Beca de Excelencia Académica USACH,Universidad de Santiago de Chile,REQUIERE_ACLARACION,"El enlace VRAE USACH devuelve 404. Mineduc 2026 identifica DTE, pero no demuestra correspondencia con la rebaja genérica de excelencia 50%.",https://vrae.usach.cl/beneficios-estudiantiles | https://acceso.mineduc.cl/wp-content/uploads/2025/11/SERV-Y-BENEF-2026-181125.pdf,Localizar las bases o ficha específica de Beca de Excelencia Académica USACH en Universidad de Santiago de Chile; contrastar el beneficio y los destinatarios frente a la carencia individual descrita en el antecedente.
7bef7d41d7b3ee6e69e8c2af55f784beab29a49f3476ff21b09128d34946bae3,Beca de Apoyo Estudiantil UTA,Universidad de Tarapacá,EXCLUSION_HISTORICA_SIN_RATIFICAR,"UTA distingue alimentación, prácticas, internado y ayuda de viaje, cada una con destinatarios. No confirma un aporte general de apoyo estudiantil sin precisar modalidad.",https://webdae.uta.cl/index.php/beneficios-complementarios/ | https://webdae.uta.cl/index.php/becas/,Localizar las bases o ficha específica de Beca de Apoyo Estudiantil UTA en Universidad de Tarapacá; contrastar el beneficio y los destinatarios frente a la carencia individual descrita en el antecedente.
33ec94d4fb3a968b3de117432023d23c16f0f8309478f65c576115e780cf56a9,Beca de Apoyo Socioeconomico UV,Universidad de Valparaíso,REQUIERE_ACLARACION,Mineduc 2026 distingue apoyo arancelario y Solidaridad Estudiantil UV. No demuestra correspondencia con la ayuda monetaria genérica original.,https://acceso.mineduc.cl/wp-content/uploads/2025/11/SERV-Y-BENEF-2026-181125.pdf | Beneficio de Bienestar Estudiantil de la DAE UV que entrega apoyo economico a estudiantes con acreditacion socioeconomica vigente. Evaluado por el equipo de Asistentes Sociales de la Direccion de Asuntos Estudiantiles. Documentos: certificado RSH. informe social. cartola de alumno regular. Requiere pertenecer al 60% mas vulnerable. Renovacion anual con reevaluacion.,Localizar las bases o ficha específica de Beca de Apoyo Socioeconomico UV en Universidad de Valparaíso; contrastar el beneficio y los destinatarios frente a la carencia individual descrita en el antecedente.
92e4ad7a0560c3a831af47c3412ee193c26746839a7b4fbc7e949183226b0c26,Beca Alumni UDD,Universidad del Desarrollo,EXCLUSION_HISTORICA_SIN_RATIFICAR,El catálogo UDD no acredita descuento Alumni para segunda carrera; un testimonio de egresado no prueba beneficio financiero.,https://www.udd.cl/admision/becas/,Localizar las bases o ficha específica de Beca Alumni UDD en Universidad del Desarrollo; contrastar el beneficio y los destinatarios frente a la carencia individual descrita en el antecedente.
635cf6ce0b82c6c433f06f0106aaf7517e423bc0b35ab1d61cd78675582db316,Beca Convenio Empresas UDD,Universidad del Desarrollo,EXCLUSION_HISTORICA_SIN_RATIFICAR,Los convenios UDD de instituciones específicas no acreditan un descuento general para trabajadores de empresas privadas.,https://www.udd.cl/admision/becas/,"Contrastar Beca Convenio Empresas UDD con el apartado del programa de Universidad del Desarrollo; documentar correspondencia de nivel, destinatarios y tipo de apoyo antes de corregir cifras."
e553144c6bf6ba33aed11e5686df067afdf6b8b07b621e2519997b7e7385953e,Beca Hijo Funcionario UDD,Universidad del Desarrollo,EXCLUSION_HISTORICA_SIN_RATIFICAR,La página de admisión directa Medicina UDD define postulación y documentos de ingreso; no acredita beca de hijos de funcionarios.,https://medicina.udd.cl/medicina-santiago/admision-directa/ | https://www.udd.cl/admision/becas/,Localizar las bases o ficha específica de Beca Hijo Funcionario UDD en Universidad del Desarrollo; contrastar el beneficio y los destinatarios frente a la carencia individual descrita en el antecedente.
61c89463a41b047f3c0d9cdc29eb0511549fc9f907a9fc7f6388afc82fd836a4,Beca Socioeconomica UDD,Universidad del Desarrollo,EXCLUSION_HISTORICA_SIN_RATIFICAR,Mineduc 2026 identifica Beca CAE/copago en el grupo socioeconómico UDD. Falta ficha de sus condiciones y correspondencia con la rebaja genérica de hasta 50%; el catálogo de admisión no basta.,https://admision.udd.cl/becas/,Localizar las bases o ficha específica de Beca Socioeconomica UDD en Universidad del Desarrollo; contrastar el beneficio y los destinatarios frente a la carencia individual descrita en el antecedente.
