candidato,informe
0335d9da10e92c82457cfc09085804b78ff3045bd21c5394ae0927085c461ce4,../REVISION_ENAC_IPCHILE.md
09e9e2762e4a4a11748fb03d29bafc7baf94f2bd7b07a743be19f1b8c10b8626,../REVISION_MINEDUC.md
0a02b2df6da5597d8ec9c067459445350c4803bae2712383d143f3cd6c9e89eb,../REVISION_UTALCA.md
160a1cab2e384797a962f81c8e4ed47fb141241cedb66edea200042202088d29,../REVISION_DUOC_AIEP.md
1c47d8aba6a0d077201251fe750018ee5237e9ba394c6674085171b14e630c95,../REVISION_DUOC_AIEP.md
1e99953c14c855e25d0c8dc49e63a2b99a3957f9459258142435bfe2bf1a5656,../REVISION_ENAC_IPCHILE.md
265188d05ce42208284cba01c4ef3c35ed8f99093de8e89d3e2d6ae535727dd3,../REVISION_ENAC_IPCHILE.md
2d143ed5cfd05a43e7344c797ccf5ac9d730ccaec6b193c2f428436e84bd0dd8,../REVISION_INACAP.md
317fc4e2853c759fae7d0742bb8613f5dda0fdd0a57437f63741d2df0e998bc5,../REVISION_ENAC_IPCHILE.md
34caa8abfdbea88cf08a57fa33f7e0629f9dec390d260879a8dfa6869d1d936c,../REVISION_INACAP.md
371af7982aa3b8152cd1d362a873b11e7744674163eef5d869aba7c715a031fe,../REVISION_UCHILE.md
39c2464f71ba5a22a349709ccb9dd6c116b84cb6e89d002fb8571d13cc968809,../REVISION_UCHILE.md
3ae5586d0fae5eeda97689875a0c3f350b7e7013cd14da36a8025a34ebf95ab5,../REVISION_UANDES.md
3d18e832d502f72a7526c52bcc01a709465772b0e57cdaacfc301ada94baf7ef,../REVISION_INACAP.md
46ce6745c005ceab3194b5e57b25126208a6e023643949829942f594bc39ffce,../REVISION_INACAP.md
480d4529d10aefb9b554c9d1d4f466eb1e6b73386cd40510503b56e0a6100b70,../REVISION_INACAP.md
53e222463ef2465e09c5f0f2df32431163625b0939925ae40b86c676efa6a889,../REVISION_DUOC_AIEP.md
65680b69869b49c6d2f5280c22deb43c78a188aa5d06117b7f2b4555bf9681be,../REVISION_UANDES.md
66485691272bfd880740e0a666b838cdfdf752d658b91ba2eb0e12fb3dc63001,../REVISION_SANTIAGO_LASERENA.md
6a714f7d1428f67456471f3806815b50cfac706cc432290d07a671af249e274c,../REVISION_ENAC_IPCHILE.md
7a3d8682663ac9393a6f60077d1fc05a2a3ee87eab4e0c28ebc9e35362adec26,../REVISION_UANDES.md
7ae777fdde7894ecc523a0a19f243e12a089b2d8707b56301ccf515ce9ddabd9,../REVISION_UANDES.md
7b3ebc5e68996d6c9229a763c6605eefb780f314ad66e1d35ff46f285150e91d,../REVISION_MINEDUC.md
81e02a92854405e359c00409d926331129b2e3ca4950aca27be436ea6035110e,../REVISION_UANDES.md
82e713f0fbea43f22b9bfa7c6641b139e5f012e85a896aaad1d3d4194e7fdcd3,../REVISION_SANTIAGO_LASERENA.md
833ac94e0448048a743d3eb07059c99cd9c3a38228f0966d98e5e34fdc2fbf54,../REVISION_MINEDUC.md
86678953008adbda7594a249d7f78734a8dba7c0801e2471fd2729d0276f4848,../REVISION_DUOC_AIEP.md
86fa1bddee4e6717eb5f2df8145c52012de651aea6c4f39803dadb9b4056c8bd,../REVISION_UTALCA.md
88dfd2bc8b76b883df2318f9845420ccd18dedaeedb0092f95157a6c5b70dcea,../REVISION_UTALCA.md
89f0b7a6e58b7c9d957dd43457e6076b3ccbbf160b307ac96271e2f762d2471f,../REVISION_UCHILE.md
8e38dda69434f4e087d5dba1f07d1a258b10f1072a4e0be5b2c059edfd7c206b,../REVISION_SANTIAGO_LASERENA.md
9186989cdc0eeb796b1e07fcc7974635dc99b73711268875e6441848a017be56,../REVISION_DUOC_AIEP.md
96f76b70a68a1fad5f60009a09c9ed4bedcb7f1cae9bb4476eb92014ccca609c,../REVISION_MINEDUC.md
97d45a6f498ff96c60d56024fae527e28fb6f4e78574dfe8c30942c37d18db7b,../REVISION_UCHILE.md
985da9da2d35c58583858216ff1a5e630386dfa27350ff6ea15d253aabd91e65,../REVISION_ENAC_IPCHILE.md
988141e6f68d4ffdbb5823fcaf1b4ac0181e2476f07e61658085954d0c50fd13,../REVISION_MINEDUC.md
9b0b5f5bfbee7c03322f9b3723552f6e9cda60334929bcccc6e5bceb05a77bb9,../REVISION_UANDES.md
9be88ff7a97c85dd8656adda7a434a6dc1156fb175917f84cc8fa7e98280a9fb,../REVISION_ENAC_IPCHILE.md
a39386e8f04af45e34f405eaf768937ac54d61fa80ff46fc0df474b732967ec5,../REVISION_UCHILE.md
a7add480ae1c014fbf47d21eeffd015842829399ea2988e2d743f41393504c11,../REVISION_UCHILE.md
ac554083e2e67618d326d111004376fc11e778b82a24c6ea824e0c510e3686a4,../REVISION_ENAC_IPCHILE.md
b1216a99e1f212c85cf6476d0409b0699b9258adca4734a13f2bd6a4230c4cd8,../REVISION_UTALCA.md
b440cc318693acc838d640a383a1d452988c24549a890258655934b0bc55b58b,../REVISION_UANDES.md
bbf9e045948a887373d63f24673cb023eb20bef65b27099407772ffe30d4e74b,../REVISION_DUOC_AIEP.md
bc21440901dae5612e24a28e4cb4ef9d045428f756d255fdbb95ab65d8f3247e,../REVISION_ENAC_IPCHILE.md
be15e902598267d92ab44f3ec66c63e0d20fe0daa3af99492030a0bc0a544b31,../REVISION_ENAC_IPCHILE.md
c569b40a8d5f68cc73121d2de6883233dbc7c7dbcdb5c0258165d6c95ab22cfd,../REVISION_INACAP.md
caf8058fd9dc82de04456bb99374a18534754876b7673ce78d485b5eb1b4945c,../REVISION_ENAC_IPCHILE.md
d2f9106c7c0aaaa3ee55b9bec8ec20678eb6c2e9f4323beb9054bb2a2833b53b,../REVISION_UTALCA.md
d5a265b509cf2ce442824708f2fcc3f4d3bde0dc2b80ce41dcc0518385ceaa85,../REVISION_DUOC_AIEP.md
d71f011070e0a643659ede1d40035465e6fc14d9cbe28d1a6aa4dc12f2f1bfb1,../REVISION_UANDES.md
d786c0d8bb8c75483d5bc1d905eb79adf5ce62b0fe1a050ef4bc72b605314c85,../REVISION_DUOC_AIEP.md
dfc3cda73ae8d20a3249f8d89f76ac2951a81aef98192dd0ee005144b2e418bf,../REVISION_UTALCA.md
e3dd75e9c59630416c8b5ce61513c1dbafac208a68d03145572ca7eddf93e350,../REVISION_DUOC_AIEP.md
ea0b3c58661cd4a8bb7fdcb61928b14a0790903b6fbfe7b1a739ba28d7365e30,../REVISION_ENAC_IPCHILE.md
ea29ff122c553f611af6ddd3a08f276ec8ab019b63555e906249d68c157a51ed,../REVISION_UCHILE.md
ec2c9a1a242a2bf0b038e6329fe8f10677ea4ec22a33e1cf5465378ee05e41fb,../REVISION_UTALCA.md
f84e049175177d690886a6c79b0793844cec14b0d7eefabfa23b34c6b22f44fc,../REVISION_SANTIAGO_LASERENA.md
