candidato,nombre,institucion,referencias,campos_distintos,estado
01d3f6f7876542f22da805464eabac81b1c8666b612a44bd6626160d1d360582,Distincion Excelencia Académica UCN,Universidad Católica del Norte,2,descripcion; descripcion_larga; documentos_requeridos; institucion,CONCILIADO
02dcb6d235a1072697d929f9b3f644f24d2782b6f2356b0310d357ae8f39d99d,Beca Deportiva UFT,Universidad Finis Terrae,2,descripcion; descripcion_larga; documentos_requeridos; monto; url,CONCILIADO
0dc47cf73607134a8774381dc8e9bbc7413959f533f682d9d6434ac9c0082694,Beca Municipal de Educación Superior San Antonio,Municipalidad de San Antonio,2,descripcion; descripcion_larga; documentos_requeridos; fecha_cierre; fecha_inicio; monto; url,PENDIENTE_CONCILIACION
158fa6c0e34a3b1f8f489fa60a20a1ea6769d03e7bf360488de39eb31cd4079a,Beca de Honor Primer Lugar de Matrícula,Universidad de Valparaíso,2,descripcion; descripcion_larga; documentos_requeridos; institucion,CONCILIADO
160f232ecf91941db99ccfa05250728dd5908715567b0211105a212060f39b66,Plan de Escolaridad Segura UCN,Universidad Católica del Norte,2,descripcion; descripcion_larga; documentos_requeridos; institucion; monto,CONCILIADO
16a87f1001172cd1fe3a85de4a9c84690d53a5532b890db085fdb1017d563322,Aporte de Movilidad y Combustible Algarrobo,Municipalidad de Algarrobo,3,descripcion; descripcion_larga; documentos_requeridos; fecha_cierre; monto; nem_minimo,PENDIENTE_CONCILIACION
18caa6f8f19291c80af1880121f3ce2cbcfa71bda065d91ffcacd2eb9e031ea1,Beca Municipal Educación Superior San Ramon,Municipalidad de San Ramon,2,descripcion; descripcion_larga; documentos_requeridos; monto; rsh_maximo; url,PENDIENTE_CONCILIACION
18e1550121f574042d69816d620bee87afe404c09daf0a802e77c73b1ec10702,Beca Municipal de Educación Superior El Quisco,Municipalidad de El Quisco,4,descripcion; descripcion_larga; documentos_requeridos; fecha_cierre; fecha_inicio; monto,CONCILIADO
2e318c92a1b62588be4a7668e807537f72f2f4e4cda08922d4787d65470cbe69,Alimentación UCN,Universidad Católica del Norte,2,descripcion; descripcion_larga; documentos_requeridos; institucion; monto,CONCILIADO
2eb06d5d5510162226c3140cf27af430eda6469758dea7357132fdeee5e04bbb,Beca Fomento Regional UAI,Universidad Adolfo Ibáñez,2,descripcion; descripcion_larga; documentos_requeridos; institucion; regiones,PENDIENTE_CONCILIACION
3788658170a025af522ff62eabd59fd2c81a20d7724afa2a97465822e57f9515,Beca Municipal Educación Superior La Pintana,Municipalidad de La Pintana,2,descripcion; descripcion_larga; documentos_requeridos; monto; nem_minimo; rsh_maximo; url,PENDIENTE_CONCILIACION
37a79ec39d3bb71267e0faabe3ec2b3a26ac7aab6e3b176b4ffdb7c1d47beb8e,Beca Excelencia Académica UAH,Universidad Alberto Hurtado,2,descripcion; descripcion_larga; documentos_requeridos; monto; url,PENDIENTE_CONCILIACION
382bdbc8032b6559ebe92eb2ac50e06d8dcef23f9a5040f3d673a1b27c0228c4,Beca Deportiva UBO,Universidad Bernardo O'Higgins,2,descripcion; descripcion_larga; documentos_requeridos; monto; url,PENDIENTE_CONCILIACION
387d29807e757a9dd151309e6d1053d3751f720135ca326c26da6fc9afef2d46,Beca Deportiva UPLA,Universidad de Playa Ancha,2,descripcion; descripcion_larga; documentos_requeridos; monto; url,PENDIENTE_CONCILIACION
38c88eb393da1b2ae1d40c9f7f229d716141115820912ff93bd13f8edf4687da,Beca Municipal Educación Superior Quilpue,Municipalidad de Quilpue,4,descripcion; descripcion_larga; documentos_requeridos; fecha_cierre; fecha_inicio; monto,PENDIENTE_CONCILIACION
3d51ccefe92a751d1a3a0eceebd4bdbb855f49c557f2ed9048aee3aa6ed6eafa,Beca Matrícula UVM,Universidad Viña del Mar,2,descripcion; descripcion_larga; documentos_requeridos; institucion; monto; regiones; tipo_beca; url,PENDIENTE_CONCILIACION
4e0757693c20c0a85c96ec08610b90795a1d274a1554c8cdc08fdf8818fc1cab,Beca Municipal Educación Superior Puente Alto,Municipalidad de Puente Alto,3,descripcion; descripcion_larga; documentos_requeridos; monto,PENDIENTE_CONCILIACION
52d3f94542f369d46ac07b20587f5cca46e2cfa2ce32b977d8f2a75b94952248,Beca Deportiva UCentral,Universidad Central de Chile,2,descripcion; descripcion_larga; documentos_requeridos; monto; regiones; url,PENDIENTE_CONCILIACION
561cf61f3e18aa9785dd49bc40778fb3175aa8ac94f1bc71a0211eb10734b00d,Beca Familiar UCSH,Universidad Católica Silva Henriquez,2,descripcion; descripcion_larga; documentos_requeridos; monto; regiones,PENDIENTE_CONCILIACION
61c89463a41b047f3c0d9cdc29eb0511549fc9f907a9fc7f6388afc82fd836a4,Beca Socioeconomica UDD,Universidad del Desarrollo,2,descripcion; descripcion_larga; documentos_requeridos; monto; regiones; url,PENDIENTE_CONCILIACION
66485691272bfd880740e0a666b838cdfdf752d658b91ba2eb0e12fb3dc63001,Aporte Económico para Educación Superior,Municipalidad de Santiago,3,descripcion; descripcion_larga; documentos_requeridos; fecha_cierre; monto; nem_minimo; tipo_beca; url,PENDIENTE_CONCILIACION
68f9c2b1bf2aaf92ca59b1903cf03046310091d29f81533e1475abce2c88b4b3,Beca de Alimentación UPLA,Universidad de Playa Ancha,2,descripcion; descripcion_larga; documentos_requeridos; monto; url,PENDIENTE_CONCILIACION
6d27dd7c71d47e54c56dfc4a2141d6d67e8aee34ab58caf79844b9f09970a000,Beca Copago UCentral,Universidad Central de Chile,2,descripcion; descripcion_larga; documentos_requeridos; url,PENDIENTE_CONCILIACION
70b5d9a68ae20d45e593e6d44d1c5b349bbefaf592798944509eb5d906bda746,Beca Deportista Elite USM,Universidad Técnica Federico Santa Maria,2,descripcion; descripcion_larga; documentos_requeridos; monto,CONCILIADO
70cc47ac438139cde0dc4476cdde18108e009db8b9036d6db48c57d0f58a58e4,Hogar Estudiantil UACh,Universidad Austral de Chile,2,descripcion; descripcion_larga; documentos_requeridos; monto,CONCILIADO
7593d9ac40f1497c2212147332c18459c76e12ec99465ffe2ddfd1e92ba80789,Beca Municipal Educación Superior Padre Hurtado,Municipalidad de Padre Hurtado,2,descripcion; descripcion_larga; documentos_requeridos; fecha_cierre; monto; url,PENDIENTE_CONCILIACION
7a3d8682663ac9393a6f60077d1fc05a2a3ee87eab4e0c28ebc9e35362adec26,Beca UANDES por puntaje PAES,Universidad de los Andes,2,descripcion; descripcion_larga; documentos_requeridos; monto,PENDIENTE_CONCILIACION
7ae777fdde7894ecc523a0a19f243e12a089b2d8707b56301ccf515ce9ddabd9,Beca UANDES Económica,Universidad de los Andes,2,descripcion; descripcion_larga; documentos_requeridos; monto,CONCILIADO
80328011768c2c041309c054119de2d6507bff94e8c44f7e3936689fcb085068,Beca de Transporte Valparaíso,Municipalidad de Valparaíso,3,descripcion_larga; documentos_requeridos; fecha_cierre; institucion; nem_minimo,PENDIENTE_CONCILIACION
82e713f0fbea43f22b9bfa7c6641b139e5f012e85a896aaad1d3d4194e7fdcd3,Subsidio de Pasajes La Serena,Municipalidad de La Serena,3,descripcion; descripcion_larga; documentos_requeridos; fecha_cierre; nem_minimo; url,PENDIENTE_CONCILIACION
85508df152226f5c39238b0ab17a19c2df41dab5bab96d13354c047581b0d613,Premio Puntaje Maximo PAES,Universidad Técnica Federico Santa Maria,2,descripcion; descripcion_larga; documentos_requeridos; monto,CONCILIADO
88dfd2bc8b76b883df2318f9845420ccd18dedaeedb0092f95157a6c5b70dcea,Beca de Arancel para Pedagogías,Universidad de Talca,2,descripcion; descripcion_larga; documentos_requeridos; monto,CONCILIADO
8be893cd6d836b64c8865febc653653af6cb1fed5a4a7180a542d316dc5a9967,Beca Deportiva UFRO,Universidad de La Frontera,2,descripcion; descripcion_larga; documentos_requeridos; monto,PENDIENTE_CONCILIACION
8dbb7049d6aeb6617fc578fc19cd4be0d45510a6849fb2f70301818de51a9870,Beca de Excelencia Deportiva UV,Universidad de Valparaíso,2,descripcion; descripcion_larga; documentos_requeridos; institucion; monto,CONCILIADO
8e38dda69434f4e087d5dba1f07d1a258b10f1072a4e0be5b2c059edfd7c206b,Beca Municipal de Educación Superior La Serena,Municipalidad de La Serena,4,descripcion; descripcion_larga; documentos_requeridos; fecha_cierre; monto; nem_minimo; tipo_beca; url,PENDIENTE_CONCILIACION
97cf306bd5f0270ad05574df2a299517fa001e2236a4b829f73f14d23a5e5bfd,Beca Deportiva UACh,Universidad Austral de Chile,2,descripcion; descripcion_larga; documentos_requeridos; monto,PENDIENTE_CONCILIACION
9b0b5f5bfbee7c03322f9b3723552f6e9cda60334929bcccc6e5bceb05a77bb9,Beca Hijo Funcionario UANDES,Universidad de los Andes,2,descripcion; descripcion_larga; documentos_requeridos; monto,CONCILIADO
a3a3b0bf75413553c6c56c2708f664670694d7b5393a5bc257f72d31326da76f,Beca Excelencia Académica UFT,Universidad Finis Terrae,2,descripcion; descripcion_larga; documentos_requeridos; monto; url,PENDIENTE_CONCILIACION
aa013b0146553e7b0e067b6f4679bc116ca2adb1d0236724a07e06c2632f743c,Beca Municipalidad de Valparaíso DIDECO,Municipalidad de Valparaíso,3,descripcion; descripcion_larga; documentos_requeridos; fecha_cierre; institucion; monto; nem_minimo; tipo_beca,PENDIENTE_CONCILIACION
ab1e3af5c29616a196bc339cfc55dcd9fbd91fb12d89e019aceb9ff69dcae039,Beca Municipal de Vitacura,Municipalidad de Vitacura,2,descripcion; descripcion_larga; documentos_requeridos; fecha_cierre; fecha_inicio; monto; nem_minimo; tipo_beca,CONCILIADO
b1216a99e1f212c85cf6476d0409b0699b9258adca4734a13f2bd6a4230c4cd8,Beca Abate Molina,Universidad de Talca,2,descripcion; descripcion_larga; documentos_requeridos,CONCILIADO
b9853a50ac6449a5f933f87aa7c7dbcc26a735d7399bd1ea7aa1296e20584cb8,Beca de Pasajes Viña del Mar,Municipalidad de Viña del Mar,3,descripcion_larga; documentos_requeridos; fecha_cierre; institucion; monto; nem_minimo,PENDIENTE_CONCILIACION
bcf0f46a8e57d8c6393ed52c9728f1aae74ac4b4633b4f8620fd2559a9ca96a0,Beca Municipal Educación Superior La Florida,Municipalidad de La Florida,3,descripcion; descripcion_larga; documentos_requeridos; monto,PENDIENTE_CONCILIACION
bd7ef9210bdbdca885ab8f55c55f5f726be951bcd96f8869474502e2c4a06bfc,Beca de Alimentación UTA,Universidad de Tarapacá,2,descripcion; descripcion_larga; documentos_requeridos; institucion; monto; regiones; url,PENDIENTE_CONCILIACION
c21da95a1b806b83d898e0790f1ad6a8d7dfada981df871e2604864ba98fb715,Beca Municipal Educación Superior Villa Alemana,Municipalidad de Villa Alemana,4,descripcion; descripcion_larga; documentos_requeridos; fecha_cierre; fecha_inicio; monto,PENDIENTE_CONCILIACION
c3449bf488fef3e4b256bd8d8faee4d3d38d0e215b646a93920ad810d17cd284,Beca Municipal Educación Superior Maipu,Municipalidad de Maipu,3,descripcion; descripcion_larga; documentos_requeridos; monto,CONCILIADO
c76ee0b52bafce77c6bfc9e7525367cfca0a4bc604ba169e47ec69add0474b5f,Beca de Residencia UBB,Universidad del Bío-Bío,2,descripcion; descripcion_larga; documentos_requeridos; institucion; monto; url,PENDIENTE_CONCILIACION
c813d491edc595bdd474efd08d3229ec4cbe4ed24b63c059a979a5164dd422b5,Beca Municipal Educación Superior Concon,Municipalidad de Concon,2,descripcion; descripcion_larga; documentos_requeridos; fecha_cierre; fecha_inicio; monto,PENDIENTE_CONCILIACION
cddf9c877f17413c534f34ec36c7c28be662cfffd14ce0989d52f5dd218fdd6d,Beca Municipal de Educación Superior Viña del Mar,Municipalidad de Viña del Mar,3,descripcion; descripcion_larga; documentos_requeridos; fecha_cierre; institucion; monto; nem_minimo; tipo_beca,PENDIENTE_CONCILIACION
d23bed1c58c7d1d28dce5c553cd1aeeafad3ddf382273360a181146917473b49,Beca Excelencia Académica UBO,Universidad Bernardo O'Higgins,2,descripcion; descripcion_larga; documentos_requeridos; monto; nem_minimo; url,PENDIENTE_CONCILIACION
d7058912548ea3c97dfe49965790b1745e9836bf5338df8bcf6cf8da57875154,Beca Deportiva UVM,Universidad Viña del Mar,2,descripcion; descripcion_larga; documentos_requeridos; institucion; monto; regiones; url,PENDIENTE_CONCILIACION
d840f752644fa6f45b665e45970e8bf8289c6fc5d3cf681ed629b551eeecf97b,Aporte Económico Municipal Algarrobo,Municipalidad de Algarrobo,3,descripcion; descripcion_larga; documentos_requeridos; monto; nem_minimo; tipo_beca,PENDIENTE_CONCILIACION
dbdecee12d076f3859709eb37f330f64884f65d0ffd3b1212e3358760062067b,Beca Deportiva UAH,Universidad Alberto Hurtado,2,descripcion; descripcion_larga; documentos_requeridos; monto; url,PENDIENTE_CONCILIACION
e32478188248c1e8d179052cb8d9f6ff40b424a6bd0eff7637228ce064656933,Beca de Alimentación UFRO,Universidad de La Frontera,2,descripcion; descripcion_larga; documentos_requeridos; monto,CONCILIADO
eaa3c099b708a3f777b4a4b758d102dca018b71ceb0a558087c78874efc0e39e,Beca Deportiva UCSH,Universidad Católica Silva Henriquez,2,descripcion; descripcion_larga; documentos_requeridos; monto,PENDIENTE_CONCILIACION
ec2c9a1a242a2bf0b038e6329fe8f10677ea4ec22a33e1cf5465378ee05e41fb,Beca de Excelencia Deportiva,Universidad de Talca,2,descripcion; descripcion_larga; documentos_requeridos; monto,CONCILIADO
f7261c871cbe8c66d41f4fa9e4f175a2132e4aa53988a454afd7394bf7734501,Beca Municipal Educación Superior Cerrillos,Municipalidad de Cerrillos,2,descripcion; descripcion_larga; monto,PENDIENTE_CONCILIACION
f84e049175177d690886a6c79b0793844cec14b0d7eefabfa23b34c6b22f44fc,Beca de Transporte Escolar Superior Santiago,Municipalidad de Santiago,3,descripcion; descripcion_larga; documentos_requeridos; fecha_cierre; monto; nem_minimo; url,PENDIENTE_CONCILIACION
f9fae6375769f616dfdae7bdc33eb0b14d71de26ad72ab894b7e6deb87888a18,Beca Excelencia Académica UCSC,Universidad Católica de la Santísima Concepción,2,descripcion; descripcion_larga; documentos_requeridos; institucion; monto; url,PENDIENTE_CONCILIACION
