nombre,institucion,ocurrencias,referencias
beca municipalidad de valparaiso dideco,municipalidad de valparaiso,3,ScrapperBecasFind/data_lake_becas/02_pendientes/fix_encoding.csv#1; ScrapperBecasFind/data_lake_becas/03_procesados/auditoria_municipal.csv#3; ScrapperBecasFind/data_lake_becas/03_procesados/auditoria_municipal_fix.csv#3
beca de transporte valparaiso,municipalidad de valparaiso,3,ScrapperBecasFind/data_lake_becas/02_pendientes/fix_encoding.csv#2; ScrapperBecasFind/data_lake_becas/03_procesados/auditoria_municipal.csv#4; ScrapperBecasFind/data_lake_becas/03_procesados/auditoria_municipal_fix.csv#4
beca municipal de educacion superior vina del mar,municipalidad de vina del mar,3,ScrapperBecasFind/data_lake_becas/02_pendientes/fix_encoding.csv#3; ScrapperBecasFind/data_lake_becas/03_procesados/auditoria_municipal.csv#15; ScrapperBecasFind/data_lake_becas/03_procesados/auditoria_municipal_fix.csv#15
beca de pasajes vina del mar,municipalidad de vina del mar,3,ScrapperBecasFind/data_lake_becas/02_pendientes/fix_encoding.csv#4; ScrapperBecasFind/data_lake_becas/03_procesados/auditoria_municipal.csv#16; ScrapperBecasFind/data_lake_becas/03_procesados/auditoria_municipal_fix.csv#16
aporte economico para educacion superior,municipalidad de santiago,3,ScrapperBecasFind/data_lake_becas/03_procesados/auditoria_municipal.csv#1; ScrapperBecasFind/data_lake_becas/03_procesados/auditoria_municipal_fix.csv#1; ScrapperBecasFind/data_lake_becas/03_procesados/becas_munistgo.csv#1
beca de transporte escolar superior santiago,municipalidad de santiago,3,ScrapperBecasFind/data_lake_becas/03_procesados/auditoria_municipal.csv#2; ScrapperBecasFind/data_lake_becas/03_procesados/auditoria_municipal_fix.csv#2; ScrapperBecasFind/data_lake_becas/03_procesados/becas_munistgo.csv#2
aporte economico municipal algarrobo,municipalidad de algarrobo,3,ScrapperBecasFind/data_lake_becas/03_procesados/auditoria_municipal.csv#5; ScrapperBecasFind/data_lake_becas/03_procesados/auditoria_municipal_fix.csv#5; ScrapperBecasFind/data_lake_becas/03_procesados/becas_munialgarrobo.csv#1
aporte de movilidad y combustible algarrobo,municipalidad de algarrobo,3,ScrapperBecasFind/data_lake_becas/03_procesados/auditoria_municipal.csv#6; ScrapperBecasFind/data_lake_becas/03_procesados/auditoria_municipal_fix.csv#6; ScrapperBecasFind/data_lake_becas/03_procesados/becas_munialgarrobo.csv#2
beca municipal de educacion superior la serena,municipalidad de la serena,4,ScrapperBecasFind/data_lake_becas/03_procesados/auditoria_municipal.csv#7; ScrapperBecasFind/data_lake_becas/03_procesados/auditoria_municipal_fix.csv#7; ScrapperBecasFind/data_lake_becas/03_procesados/becas_munilaserena.csv#1; ScrapperBecasFind/data_lake_becas/03_procesados/municipalidades_final.csv#1
subsidio de pasajes la serena,municipalidad de la serena,3,ScrapperBecasFind/data_lake_becas/03_procesados/auditoria_municipal.csv#8; ScrapperBecasFind/data_lake_becas/03_procesados/auditoria_municipal_fix.csv#8; ScrapperBecasFind/data_lake_becas/03_procesados/becas_munilaserena.csv#2
beca municipal de educacion superior el quisco,municipalidad de el quisco,4,ScrapperBecasFind/data_lake_becas/03_procesados/auditoria_municipal.csv#9; ScrapperBecasFind/data_lake_becas/03_procesados/auditoria_municipal_fix.csv#9; ScrapperBecasFind/data_lake_becas/03_procesados/bloque35_muni.csv#6; ScrapperBecasFind/data_lake_becas/03_procesados/municipalidades_final.csv#2
beca municipal educacion superior maipu,municipalidad de maipu,3,ScrapperBecasFind/data_lake_becas/03_procesados/auditoria_municipal.csv#10; ScrapperBecasFind/data_lake_becas/03_procesados/auditoria_municipal_fix.csv#10; ScrapperBecasFind/data_lake_becas/03_procesados/municipalidades_urbano.csv#1
beca municipal educacion superior puente alto,municipalidad de puente alto,3,ScrapperBecasFind/data_lake_becas/03_procesados/auditoria_municipal.csv#11; ScrapperBecasFind/data_lake_becas/03_procesados/auditoria_municipal_fix.csv#11; ScrapperBecasFind/data_lake_becas/03_procesados/municipalidades_urbano.csv#2
beca municipal educacion superior la florida,municipalidad de la florida,3,ScrapperBecasFind/data_lake_becas/03_procesados/auditoria_municipal.csv#12; ScrapperBecasFind/data_lake_becas/03_procesados/auditoria_municipal_fix.csv#12; ScrapperBecasFind/data_lake_becas/03_procesados/municipalidades_urbano.csv#3
beca municipal educacion superior quilpue,municipalidad de quilpue,4,ScrapperBecasFind/data_lake_becas/03_procesados/auditoria_municipal.csv#13; ScrapperBecasFind/data_lake_becas/03_procesados/auditoria_municipal_fix.csv#13; ScrapperBecasFind/data_lake_becas/03_procesados/bloque17_muni.csv#7; ScrapperBecasFind/data_lake_becas/03_procesados/municipalidades_urbano.csv#4
beca municipal educacion superior villa alemana,municipalidad de villa alemana,4,ScrapperBecasFind/data_lake_becas/03_procesados/auditoria_municipal.csv#14; ScrapperBecasFind/data_lake_becas/03_procesados/auditoria_municipal_fix.csv#14; ScrapperBecasFind/data_lake_becas/03_procesados/bloque17_muni.csv#8; ScrapperBecasFind/data_lake_becas/03_procesados/municipalidades_urbano.csv#5
beca deportiva uach,universidad austral de chile,2,ScrapperBecasFind/data_lake_becas/03_procesados/becas_uach.csv#1; ScrapperBecasFind/data_lake_becas/03_procesados/bloque5_docs.csv#7
hogar estudiantil uach,universidad austral de chile,2,ScrapperBecasFind/data_lake_becas/03_procesados/becas_uach.csv#2; ScrapperBecasFind/data_lake_becas/03_procesados/bloque5_docs.csv#8
beca excelencia academica uah,universidad alberto hurtado,2,ScrapperBecasFind/data_lake_becas/03_procesados/becas_uah.csv#1; ScrapperBecasFind/data_lake_becas/03_procesados/bloque6_docs.csv#7
beca deportiva uah,universidad alberto hurtado,2,ScrapperBecasFind/data_lake_becas/03_procesados/becas_uah.csv#4; ScrapperBecasFind/data_lake_becas/03_procesados/bloque6_docs.csv#9
beca uandes por puntaje paes,universidad de los andes,2,ScrapperBecasFind/data_lake_becas/03_procesados/becas_uandes.csv#1; ScrapperBecasFind/data_lake_becas/03_procesados/bloque5_docs.csv#13
beca uandes economica,universidad de los andes,2,ScrapperBecasFind/data_lake_becas/03_procesados/becas_uandes.csv#2; ScrapperBecasFind/data_lake_becas/03_procesados/bloque5_docs.csv#14
beca hijo funcionario uandes,universidad de los andes,2,ScrapperBecasFind/data_lake_becas/03_procesados/becas_uandes.csv#6; ScrapperBecasFind/data_lake_becas/03_procesados/bloque5_docs.csv#15
beca excelencia academica ubo,universidad bernardo o'higgins,2,ScrapperBecasFind/data_lake_becas/03_procesados/becas_ubo.csv#1; ScrapperBecasFind/data_lake_becas/03_procesados/bloque7_docs.csv#1
beca deportiva ubo,universidad bernardo o'higgins,2,ScrapperBecasFind/data_lake_becas/03_procesados/becas_ubo.csv#3; ScrapperBecasFind/data_lake_becas/03_procesados/bloque7_docs.csv#3
beca copago ucentral,universidad central de chile,2,ScrapperBecasFind/data_lake_becas/03_procesados/becas_ucentral.csv#2; ScrapperBecasFind/data_lake_becas/03_procesados/bloque8_docs.csv#13
beca deportiva ucentral,universidad central de chile,2,ScrapperBecasFind/data_lake_becas/03_procesados/becas_ucentral.csv#3; ScrapperBecasFind/data_lake_becas/03_procesados/bloque8_docs.csv#14
beca deportiva ucsh,universidad catolica silva henriquez,2,ScrapperBecasFind/data_lake_becas/03_procesados/becas_ucsh.csv#3; ScrapperBecasFind/data_lake_becas/03_procesados/bloque6_docs.csv#11
beca familiar ucsh,universidad catolica silva henriquez,2,ScrapperBecasFind/data_lake_becas/03_procesados/becas_ucsh.csv#4; ScrapperBecasFind/data_lake_becas/03_procesados/bloque6_docs.csv#12
beca socioeconomica udd,universidad del desarrollo,2,ScrapperBecasFind/data_lake_becas/03_procesados/becas_udd.csv#3; ScrapperBecasFind/data_lake_becas/03_procesados/bloque6_docs.csv#6
beca de alimentacion ufro,universidad de la frontera,2,ScrapperBecasFind/data_lake_becas/03_procesados/becas_ufro.csv#2; ScrapperBecasFind/data_lake_becas/03_procesados/bloque7_docs.csv#8
beca deportiva ufro,universidad de la frontera,2,ScrapperBecasFind/data_lake_becas/03_procesados/becas_ufro.csv#3; ScrapperBecasFind/data_lake_becas/03_procesados/bloque7_docs.csv#9
beca excelencia academica uft,universidad finis terrae,2,ScrapperBecasFind/data_lake_becas/03_procesados/becas_uft.csv#1; ScrapperBecasFind/data_lake_becas/03_procesados/bloque7_docs.csv#4
beca deportiva uft,universidad finis terrae,2,ScrapperBecasFind/data_lake_becas/03_procesados/becas_uft.csv#3; ScrapperBecasFind/data_lake_becas/03_procesados/bloque7_docs.csv#5
beca de alimentacion upla,universidad de playa ancha,2,ScrapperBecasFind/data_lake_becas/03_procesados/becas_upla.csv#2; ScrapperBecasFind/data_lake_becas/03_procesados/bloque7_docs.csv#11
beca deportiva upla,universidad de playa ancha,2,ScrapperBecasFind/data_lake_becas/03_procesados/becas_upla.csv#4; ScrapperBecasFind/data_lake_becas/03_procesados/bloque7_docs.csv#12
beca de excelencia deportiva,universidad de talca,2,ScrapperBecasFind/data_lake_becas/03_procesados/becas_utalca.csv#4; ScrapperBecasFind/data_lake_becas/03_procesados/bloque5_docs.csv#4
beca abate molina,universidad de talca,2,ScrapperBecasFind/data_lake_becas/03_procesados/becas_utalca.csv#5; ScrapperBecasFind/data_lake_becas/03_procesados/bloque5_docs.csv#6
beca de arancel para pedagogias,universidad de talca,2,ScrapperBecasFind/data_lake_becas/03_procesados/becas_utalca.csv#7; ScrapperBecasFind/data_lake_becas/03_procesados/bloque5_docs.csv#5
premio puntaje maximo paes,universidad tecnica federico santa maria,2,ScrapperBecasFind/data_lake_becas/03_procesados/becas_utfsm.csv#1; ScrapperBecasFind/data_lake_becas/03_procesados/bloque5_docs.csv#11
beca deportista elite usm,universidad tecnica federico santa maria,2,ScrapperBecasFind/data_lake_becas/03_procesados/becas_utfsm.csv#6; ScrapperBecasFind/data_lake_becas/03_procesados/bloque5_docs.csv#12
beca municipal educacion superior cerrillos,municipalidad de cerrillos,2,ScrapperBecasFind/data_lake_becas/03_procesados/bloque13_muni.csv#3; ScrapperBecasFind/data_lake_becas/03_procesados/bloque36_muni.csv#7
beca municipal educacion superior la pintana,municipalidad de la pintana,2,ScrapperBecasFind/data_lake_becas/03_procesados/bloque13_muni.csv#5; ScrapperBecasFind/data_lake_becas/03_procesados/bloque36_muni.csv#4
beca municipal educacion superior san ramon,municipalidad de san ramon,2,ScrapperBecasFind/data_lake_becas/03_procesados/bloque14_muni.csv#1; ScrapperBecasFind/data_lake_becas/03_procesados/bloque36_muni.csv#9
beca municipal educacion superior concon,municipalidad de concon,2,ScrapperBecasFind/data_lake_becas/03_procesados/bloque14_muni.csv#6; ScrapperBecasFind/data_lake_becas/03_procesados/bloque35_muni.csv#4
beca municipal educacion superior padre hurtado,municipalidad de padre hurtado,2,ScrapperBecasFind/data_lake_becas/03_procesados/bloque15_muni.csv#5; ScrapperBecasFind/data_lake_becas/03_procesados/bloque37_muni.csv#6
beca municipal de vitacura,municipalidad de vitacura,2,ScrapperBecasFind/data_lake_becas/03_procesados/bloque22_muni.csv#9; ScrapperBecasFind/data_lake_becas/03_procesados/municipalidades_auditadas.csv#4
beca municipal de educacion superior san antonio,municipalidad de san antonio,2,ScrapperBecasFind/data_lake_becas/03_procesados/bloque35_muni.csv#3; ScrapperBecasFind/data_lake_becas/03_procesados/bloque6_muni.csv#9
