institucion,becas_unicas,revision_parcial,sin_revision_individual,pendientes_confirmacion
AIEP,5,5,0,5
CFT ENAC,6,6,0,6
DUOC UC,4,4,0,4
INACAP,6,6,0,6
IP Chile,6,6,0,6
JUNAEB,4,4,0,4
Ministerio de Educación,5,5,0,5
Municipalidad de Algarrobo,3,3,0,3
Municipalidad de Alhue,1,0,1,1
Municipalidad de Alto Biobio,1,0,1,1
Municipalidad de Alto del Carmen,1,0,1,1
Municipalidad de Ancud,1,0,1,1
Municipalidad de Andacollo,1,0,1,1
Municipalidad de Angol,1,1,0,1
Municipalidad de Antofagasta,1,0,1,1
Municipalidad de Antuco,1,0,1,1
Municipalidad de Arauco,2,2,0,2
Municipalidad de Arica,1,0,1,1
Municipalidad de Buin,2,2,0,2
Municipalidad de Bulnes,1,1,0,1
Municipalidad de Cabildo,1,0,1,1
Municipalidad de Cabo de Hornos,1,0,1,1
Municipalidad de Cabrero,1,1,0,1
Municipalidad de Calama,1,0,1,1
Municipalidad de Calbuco,1,0,1,1
Municipalidad de Caldera,1,1,0,1
Municipalidad de Calera de Tango,1,0,1,1
Municipalidad de Calle Larga,1,0,1,1
Municipalidad de Camina,1,0,1,1
Municipalidad de Canete,1,1,0,1
Municipalidad de Carahue,1,0,1,1
Municipalidad de Cartagena,1,1,0,1
Municipalidad de Casablanca,2,2,0,2
Municipalidad de Catemu,1,0,1,1
Municipalidad de Cauquenes,1,1,0,1
Municipalidad de Cerrillos,1,1,0,1
Municipalidad de Cerro Navia,2,2,0,2
Municipalidad de Chaiten,1,0,1,1
Municipalidad de Chanaral,1,0,1,1
Municipalidad de Chiguayante,2,2,0,2
Municipalidad de Chillan,1,0,1,1
Municipalidad de Chillan Viejo,1,0,1,1
Municipalidad de Chimbarongo,1,1,0,1
Municipalidad de Cholchol,2,2,0,2
Municipalidad de Chonchi,1,0,1,1
Municipalidad de Cisnes,1,0,1,1
Municipalidad de Cobquecura,1,1,0,1
Municipalidad de Cochamo,1,0,1,1
Municipalidad de Codegua,1,0,1,1
Municipalidad de Coelemu,1,1,0,1
Municipalidad de Colbun,1,0,1,1
Municipalidad de Colchane,1,0,1,1
Municipalidad de Colina,2,2,0,2
Municipalidad de Collipulli,1,0,1,1
Municipalidad de Coltauco,1,1,0,1
Municipalidad de Combarbala,1,0,1,1
Municipalidad de Concepción,1,0,1,1
Municipalidad de Conchali,2,2,0,2
Municipalidad de Concon,1,1,0,1
Municipalidad de Constitucion,1,1,0,1
Municipalidad de Contulmo,1,0,1,1
Municipalidad de Copiapo,1,0,1,1
Municipalidad de Coquimbo,1,0,1,1
Municipalidad de Coronel,1,0,1,1
Municipalidad de Corral,1,0,1,1
Municipalidad de Cunco,1,0,1,1
Municipalidad de Curacavi,1,1,0,1
Municipalidad de Curaco de Velez,1,0,1,1
Municipalidad de Curanilahue,1,1,0,1
Municipalidad de Curarrehue,2,2,0,2
Municipalidad de Curepto,1,0,1,1
Municipalidad de Dalcahue,1,0,1,1
Municipalidad de Diego de Almagro,1,0,1,1
Municipalidad de Donihue,1,1,0,1
Municipalidad de El Bosque,1,1,0,1
Municipalidad de El Monte,1,0,1,1
Municipalidad de El Quisco,2,2,0,2
Municipalidad de El Tabo,1,1,0,1
Municipalidad de Empedrado,1,0,1,1
Municipalidad de Estacion Central,1,1,0,1
Municipalidad de Florida,1,0,1,1
Municipalidad de Freirina,1,0,1,1
Municipalidad de Fresia,1,0,1,1
Municipalidad de Frutillar,1,1,0,1
Municipalidad de Futaleufu,1,0,1,1
Municipalidad de Galvarino,1,0,1,1
Municipalidad de General Lagos,1,0,1,1
Municipalidad de Gorbea,1,0,1,1
Municipalidad de Graneros,1,1,0,1
Municipalidad de Guaitecas,1,0,1,1
Municipalidad de Hijuelas,1,0,1,1
Municipalidad de Hualane,1,0,1,1
Municipalidad de Hualpen,2,2,0,2
Municipalidad de Hualqui,1,0,1,1
Municipalidad de Huara,1,0,1,1
Municipalidad de Huasco,1,0,1,1
Municipalidad de Huechuraba,1,1,0,1
Municipalidad de Illapel,1,1,0,1
Municipalidad de Independencia,1,1,0,1
Municipalidad de Iquique,2,2,0,2
Municipalidad de Isla de Maipo,2,2,0,2
Municipalidad de Isla de Pascua,1,0,1,1
Municipalidad de Juan Fernandez,1,0,1,1
Municipalidad de La Calera,1,0,1,1
Municipalidad de La Cisterna,1,1,0,1
Municipalidad de La Cruz,1,1,0,1
Municipalidad de La Estrella,1,0,1,1
Municipalidad de La Florida,2,2,0,2
Municipalidad de La Granja,2,2,0,2
Municipalidad de La Ligua,1,1,0,1
Municipalidad de La Pintana,1,1,0,1
Municipalidad de La Serena,3,2,1,3
Municipalidad de La Union,1,0,1,1
Municipalidad de Laja,1,0,1,1
Municipalidad de Lampa,2,2,0,2
Municipalidad de Lanco,1,0,1,1
Municipalidad de Las Cabras,1,0,1,1
Municipalidad de Las Condes,2,2,0,2
Municipalidad de Lautaro,1,0,1,1
Municipalidad de Lebu,1,1,0,1
Municipalidad de Licanten,1,0,1,1
Municipalidad de Limache,2,2,0,2
Municipalidad de Linares,1,0,1,1
Municipalidad de Llanquihue,1,1,0,1
Municipalidad de Llay Llay,1,1,0,1
Municipalidad de Lo Barnechea,1,1,0,1
Municipalidad de Lo Espejo,1,1,0,1
Municipalidad de Lo Prado,2,2,0,2
Municipalidad de Loncoche,1,0,1,1
Municipalidad de Longavi,1,0,1,1
Municipalidad de Lonquimay,1,0,1,1
Municipalidad de Los Alamos,1,1,0,1
Municipalidad de Los Andes,1,0,1,1
Municipalidad de Los Angeles,1,0,1,1
Municipalidad de Los Lagos,1,0,1,1
Municipalidad de Los Muermos,1,0,1,1
Municipalidad de Los Sauces,2,2,0,2
Municipalidad de Los Vilos,1,1,0,1
Municipalidad de Lota,1,1,0,1
Municipalidad de Lumaco,1,0,1,1
Municipalidad de Machali,2,2,0,2
Municipalidad de Macul,1,0,1,1
Municipalidad de Mafil,1,0,1,1
Municipalidad de Maipu,2,2,0,2
Municipalidad de Marchigue,1,0,1,1
Municipalidad de Maria Elena,1,0,1,1
Municipalidad de Maria Pinto,1,0,1,1
Municipalidad de Mariquina,1,0,1,1
Municipalidad de Maullin,1,0,1,1
Municipalidad de Mejillones,1,1,0,1
Municipalidad de Melipeuco,2,2,0,2
Municipalidad de Melipilla,1,0,1,1
Municipalidad de Molina,2,2,0,2
Municipalidad de Monte Patria,1,0,1,1
Municipalidad de Mostazal,1,0,1,1
Municipalidad de Mulchen,1,1,0,1
Municipalidad de Nacimiento,1,1,0,1
Municipalidad de Nancagua,1,0,1,1
Municipalidad de Navidad,1,0,1,1
Municipalidad de Negrete,1,0,1,1
Municipalidad de Ninhue,1,0,1,1
Municipalidad de Nogales,1,1,0,1
Municipalidad de Nueva Imperial,1,1,0,1
Municipalidad de O'Higgins,1,0,1,1
Municipalidad de Olivar,1,0,1,1
Municipalidad de Olmue,1,1,0,1
Municipalidad de Osorno,1,0,1,1
Municipalidad de Ovalle,1,0,1,1
Municipalidad de Padre Hurtado,1,1,0,1
Municipalidad de Padre Las Casas,1,0,1,1
Municipalidad de Paillaco,1,0,1,1
Municipalidad de Paine,2,2,0,2
Municipalidad de Palena,1,0,1,1
Municipalidad de Panguipulli,2,2,0,2
Municipalidad de Panquehue,1,0,1,1
Municipalidad de Papudo,1,0,1,1
Municipalidad de Paredones,1,0,1,1
Municipalidad de Parral,1,1,0,1
Municipalidad de Pedro Aguirre Cerda,1,1,0,1
Municipalidad de Pelluhue,1,0,1,1
Municipalidad de Penaflor,2,2,0,2
Municipalidad de Penalolen,1,0,1,1
Municipalidad de Pencahue,1,0,1,1
Municipalidad de Penco,1,1,0,1
Municipalidad de Perquenco,1,0,1,1
Municipalidad de Petorca,1,0,1,1
Municipalidad de Peumo,1,1,0,1
Municipalidad de Pichilemu,1,0,1,1
Municipalidad de Pirque,1,1,0,1
Municipalidad de Pitrufquen,1,0,1,1
Municipalidad de Portezuelo,1,0,1,1
Municipalidad de Porvenir,1,0,1,1
Municipalidad de Primavera,1,0,1,1
Municipalidad de Providencia,1,0,1,1
Municipalidad de Puchuncavi,1,1,0,1
Municipalidad de Pucon,1,1,0,1
Municipalidad de Pudahuel,2,2,0,2
Municipalidad de Puente Alto,2,2,0,2
Municipalidad de Puerto Aysen,1,1,0,1
Municipalidad de Puerto Montt,2,2,0,2
Municipalidad de Puerto Natales,1,1,0,1
Municipalidad de Puerto Varas,1,0,1,1
Municipalidad de Pumanque,1,0,1,1
Municipalidad de Punitaqui,1,0,1,1
Municipalidad de Punta Arenas,1,0,1,1
Municipalidad de Puqueldon,1,0,1,1
Municipalidad de Purranque,1,0,1,1
Municipalidad de Putaendo,1,0,1,1
Municipalidad de Putre,1,0,1,1
Municipalidad de Puyehue,1,0,1,1
Municipalidad de Quellon,1,0,1,1
Municipalidad de Quemchi,1,0,1,1
Municipalidad de Quilaco,1,0,1,1
Municipalidad de Quilicura,2,2,0,2
Municipalidad de Quilleco,1,0,1,1
Municipalidad de Quillota,1,0,1,1
Municipalidad de Quilpue,1,1,0,1
Municipalidad de Quinchao,1,0,1,1
Municipalidad de Quinta Normal,1,1,0,1
Municipalidad de Quintero,2,2,0,2
Municipalidad de Ranquil,1,0,1,1
Municipalidad de Rauco,1,0,1,1
Municipalidad de Recoleta,1,1,0,1
Municipalidad de Renaico,1,0,1,1
Municipalidad de Renca,1,0,1,1
Municipalidad de Rengo,1,1,0,1
Municipalidad de Requinoa,1,1,0,1
Municipalidad de Retiro,1,0,1,1
Municipalidad de Rinconada,1,0,1,1
Municipalidad de Rio Bueno,1,0,1,1
Municipalidad de Rio Claro,1,0,1,1
Municipalidad de Rio Ibanez,1,0,1,1
Municipalidad de Rio Negro,1,0,1,1
Municipalidad de Rio Verde,1,0,1,1
Municipalidad de Romeral,1,0,1,1
Municipalidad de Saavedra,1,0,1,1
Municipalidad de Sagrada Familia,1,0,1,1
Municipalidad de Salamanca,1,1,0,1
Municipalidad de San Antonio,1,0,1,1
Municipalidad de San Bernardo,2,2,0,2
Municipalidad de San Carlos,1,1,0,1
Municipalidad de San Clemente,1,0,1,1
Municipalidad de San Esteban,1,0,1,1
Municipalidad de San Fabian,1,0,1,1
Municipalidad de San Fernando,2,2,0,2
Municipalidad de San Gregorio,1,0,1,1
Municipalidad de San Javier,1,1,0,1
Municipalidad de San Joaquin,1,0,1,1
Municipalidad de San Joaquín,1,0,1,1
Municipalidad de San Jose de Maipo,1,1,0,1
Municipalidad de San Juan de la Costa,1,0,1,1
Municipalidad de San Miguel,1,1,0,1
Municipalidad de San Pedro de Atacama,1,0,1,1
Municipalidad de San Pedro de Melipilla,1,0,1,1
Municipalidad de San Pedro de la Paz,1,1,0,1
Municipalidad de San Ramon,1,1,0,1
Municipalidad de San Rosendo,1,0,1,1
Municipalidad de San Vicente de Tagua Tagua,2,2,0,2
Municipalidad de Santa Barbara,1,0,1,1
Municipalidad de Santa Cruz,1,0,1,1
Municipalidad de Santa Juana,1,0,1,1
Municipalidad de Santa Maria,1,0,1,1
Municipalidad de Santiago,3,2,1,3
Municipalidad de Santo Domingo,1,1,0,1
Municipalidad de Talagante,2,2,0,2
Municipalidad de Talca,1,0,1,1
Municipalidad de Talcahuano,1,1,0,1
Municipalidad de Taltal,1,0,1,1
Municipalidad de Temuco,1,0,1,1
Municipalidad de Teno,1,0,1,1
Municipalidad de Teodoro Schmidt,2,2,0,2
Municipalidad de Tierra Amarilla,1,0,1,1
Municipalidad de Tiltil,2,2,0,2
Municipalidad de Timaukel,1,0,1,1
Municipalidad de Tirua,1,0,1,1
Municipalidad de Tocopilla,1,1,0,1
Municipalidad de Tolten,1,0,1,1
Municipalidad de Tome,1,0,1,1
Municipalidad de Tomé,1,0,1,1
Municipalidad de Torres del Paine,1,0,1,1
Municipalidad de Tortel,1,0,1,1
Municipalidad de Traiguen,1,1,0,1
Municipalidad de Trehuaco,1,0,1,1
Municipalidad de Tucapel,1,0,1,1
Municipalidad de Valdivia,2,2,0,2
Municipalidad de Vallenar,1,1,0,1
Municipalidad de Valparaíso,3,3,0,3
Municipalidad de Vichuquen,1,0,1,1
Municipalidad de Victoria,1,1,0,1
Municipalidad de Vicuna,1,1,0,1
Municipalidad de Villa Alegre,1,0,1,1
Municipalidad de Villa Alemana,1,1,0,1
Municipalidad de Vitacura,1,0,1,1
Municipalidad de Viña del Mar,3,3,0,3
Municipalidad de Yumbel,1,0,1,1
Municipalidad de Yungay,1,1,0,1
Municipalidad de Zapallar,1,0,1,1
Pontificia Universidad Católica de Chile,3,3,0,3
Pontificia Universidad Católica de Valparaíso,5,5,0,5
Santo Tomás,6,6,0,6
Universidad Adolfo Ibanez,3,3,0,3
Universidad Adolfo Ibáñez,5,5,0,5
Universidad Alberto Hurtado,5,5,0,5
Universidad Arturo Prat,6,6,0,6
Universidad Austral de Chile,4,4,0,4
Universidad Autónoma de Chile,6,6,0,6
Universidad Bernardo O'Higgins,5,5,0,5
Universidad Católica Silva Henriquez,5,5,0,5
Universidad Católica de Temuco,6,6,0,6
Universidad Católica de la Santisima Concepción,1,1,0,1
Universidad Católica de la Santísima Concepción,4,4,0,4
Universidad Católica del Norte,4,4,0,4
Universidad Central de Chile,4,4,0,4
Universidad Diego Portales,6,6,0,6
Universidad Finis Terrae,5,5,0,5
Universidad Mayor,6,6,0,6
Universidad Nacional Andrés Bello,7,7,0,7
Universidad San Sebastián,7,7,0,7
Universidad Técnica Federico Santa Maria,6,6,0,6
Universidad Viña del Mar,5,5,0,5
Universidad de Chile,7,7,0,7
Universidad de Concepción,3,3,0,3
Universidad de La Frontera,5,5,0,5
Universidad de Las Americas,3,3,0,3
Universidad de Las Américas,4,4,0,4
Universidad de Los Lagos,6,6,0,6
Universidad de Magallanes,6,6,0,6
Universidad de Playa Ancha,5,5,0,5
Universidad de Santiago de Chile,3,3,0,3
Universidad de Talca,7,7,0,7
Universidad de Tarapaca,1,1,0,1
Universidad de Tarapacá,4,4,0,4
Universidad de Valparaíso,4,4,0,4
Universidad de los Andes,8,8,0,8
Universidad del Bio-Bio,1,1,0,1
Universidad del Bío-Bío,4,4,0,4
Universidad del Desarrollo,8,8,0,8
