archivo,registros,becas_unicas,revision_parcial,sin_revision_individual,confirmadas_completas,confirmadas_esenciales,descartadas,pendientes_confirmacion
auditoria_municipal.csv,16,16,0,0,0,5,11,0
auditoria_municipal_fix.csv,16,16,0,0,0,5,11,0
beca_uai_fix.csv,1,1,0,0,0,0,1,0
becas_aiep.csv,5,5,0,0,0,2,3,0
becas_cftenac.csv,6,6,0,0,0,0,6,0
becas_duocuc.csv,4,4,0,0,0,2,2,0
becas_inacap.csv,6,6,0,0,0,1,5,0
becas_ipchile.csv,6,6,0,0,0,2,4,0
becas_junaeb.csv,4,4,0,0,0,3,1,0
becas_mineduc.csv,5,5,0,0,0,5,0,0
becas_munialgarrobo.csv,2,2,0,0,0,1,1,0
becas_munilaserena.csv,2,2,0,0,0,0,2,0
becas_munistgo.csv,2,2,0,0,0,1,1,0
becas_munivalpo.csv,2,2,0,0,0,0,2,0
becas_munivina.csv,2,2,0,0,0,0,2,0
becas_puc.csv,3,3,0,0,0,1,2,0
becas_pucv.csv,5,5,0,0,0,2,3,0
becas_santotomas.csv,6,6,0,0,0,1,5,0
becas_uach.csv,4,4,0,0,0,4,0,0
becas_uah.csv,4,4,0,0,0,1,3,0
becas_uai.csv,5,5,0,0,0,2,3,0
becas_uandes.csv,8,8,0,0,0,6,2,0
becas_uautonoma.csv,6,6,0,0,0,3,3,0
becas_ubb.csv,4,4,0,0,0,2,2,0
becas_ubo.csv,4,4,0,0,0,1,3,0
becas_ucentral.csv,4,4,0,0,0,2,2,0
becas_uchile.csv,7,7,0,0,1,5,1,0
becas_ucn.csv,4,4,0,0,0,4,0,0
becas_ucsc.csv,4,4,0,0,0,1,3,0
becas_ucsh.csv,4,4,0,0,0,1,3,0
becas_uct.csv,4,4,0,0,0,1,3,0
becas_udd.csv,6,6,0,0,0,0,6,0
becas_udec.csv,3,3,0,0,0,0,3,0
becas_udla.csv,4,4,0,0,0,1,3,0
becas_udp.csv,6,6,0,0,0,6,0,0
becas_ufro.csv,4,4,0,0,0,1,3,0
becas_uft.csv,4,4,0,0,0,2,2,0
becas_ulagos.csv,4,4,0,0,0,3,1,0
becas_umag.csv,4,4,0,0,0,3,1,0
becas_umayor.csv,6,6,0,0,0,2,4,0
becas_unab.csv,7,7,0,0,0,3,4,0
becas_unap.csv,4,4,0,0,0,3,1,0
becas_upla.csv,4,4,0,0,0,1,3,0
becas_usach.csv,3,3,0,0,0,1,2,0
becas_uss.csv,7,7,0,0,0,7,0,0
becas_uta.csv,4,4,0,0,0,2,2,0
becas_utalca.csv,7,7,0,0,0,6,1,0
becas_utfsm.csv,6,6,0,0,0,5,1,0
becas_uv.csv,4,4,0,0,0,2,2,0
becas_uvm.csv,4,4,0,0,0,1,3,0
bloque10_muni.csv,10,10,0,0,0,5,5,0
bloque11_muni.csv,10,10,0,0,0,2,8,0
bloque12_muni.csv,10,10,0,0,0,1,9,0
bloque13_muni.csv,10,10,0,0,0,6,4,0
bloque14_muni.csv,10,10,0,0,0,1,9,0
bloque15_muni.csv,10,10,0,0,0,3,7,0
bloque16_muni.csv,10,10,0,0,0,1,9,0
bloque17_muni.csv,10,10,0,0,0,1,9,0
bloque18_muni.csv,10,10,0,0,0,2,8,0
bloque19_muni.csv,10,10,0,0,0,3,7,0
bloque20_muni.csv,10,10,0,0,0,1,9,0
bloque21_muni.csv,10,10,0,0,0,2,8,0
bloque22_muni.csv,10,10,0,0,0,1,9,0
bloque23_muni.csv,10,10,0,0,0,1,9,0
bloque24_muni.csv,10,10,0,0,1,1,8,0
bloque25_muni.csv,10,10,0,0,0,2,8,0
bloque26_muni.csv,10,10,0,0,0,0,10,0
bloque27_muni.csv,10,10,0,0,0,1,9,0
bloque28_muni.csv,10,10,0,0,0,3,7,0
bloque29_muni.csv,10,10,0,0,0,1,9,0
bloque30_muni.csv,10,10,0,0,0,1,9,0
bloque31_muni.csv,10,10,0,0,0,1,9,0
bloque32_muni.csv,10,10,0,0,0,2,8,0
bloque33_muni.csv,10,10,0,0,0,2,8,0
bloque34_muni.csv,10,10,0,0,0,0,10,0
bloque35_muni.csv,10,10,0,0,0,4,6,0
bloque36_muni.csv,10,10,0,0,0,3,7,0
bloque37_muni.csv,10,10,0,0,0,3,7,0
bloque38_muni.csv,9,9,0,0,0,3,6,0
bloque5_docs.csv,15,15,0,0,0,13,2,0
bloque5_muni.csv,3,3,0,0,0,0,3,0
bloque6_docs.csv,12,12,0,0,0,3,9,0
bloque6_muni.csv,10,10,0,0,0,0,10,0
bloque7_docs.csv,12,12,0,0,0,5,7,0
bloque7_muni.csv,10,10,0,0,0,5,5,0
bloque8_docs.csv,16,16,0,0,0,3,13,0
bloque9_docs.csv,6,6,0,0,0,1,5,0
bloque9_muni.csv,10,10,0,0,0,1,9,0
bloque_muni_456.csv,3,3,0,0,0,0,3,0
municipalidades_auditadas.csv,4,4,0,0,0,3,1,0
municipalidades_bloque3.csv,4,4,0,0,0,0,4,0
municipalidades_final.csv,2,2,0,0,0,1,1,0
municipalidades_urbano.csv,5,5,0,0,0,2,3,0
